ID,personality,work_scenerio,field_interest,academics,analytics,general_science,Banking Finace Service and Finace,Agriculture,Automotive,Aerospace and Aviation,Beauty and Wellness Apparel,Electronics and Hardware,IT,Healthcare,Media and Entertainment,Life Sciences,Public Administration,Tourism and Hospitality,Legal Activities,"Sports, PE and Fitness",Judiciary,"Education, Training and research",Organised Retail,Artist
1,0,0,0,0,0,0,0.05,0.04,0.04,0.04,0.2,0.05,0.05,0.04,0.23,0.04,0.05,0.04,0.04,0.18,0.05,0.04,0.04,0.22
2,0,0,0,0,0,1,0.09,0.04,0.09,0.08,0.23,0.09,0.1,0.09,0.27,0.08,0.05,0.04,0.04,0.21,0.05,0.04,0.09,0.25
3,0,0,0,0,0,2,0.14,0.15,0.13,0.12,0.27,0.14,0.15,0.13,0.31,0.13,0.19,0.16,0.17,0.24,0.18,0.18,0.13,0.29
4,0,0,0,0,1,0,0.14,0.11,0.13,0.12,0.23,0.14,0.15,0.13,0.27,0.13,0.14,0.12,0.13,0.21,0.14,0.13,0.13,0.25
5,0,0,0,0,1,1,0.18,0.11,0.17,0.16,0.27,0.19,0.2,0.17,0.31,0.17,0.14,0.12,0.13,0.24,0.14,0.13,0.17,0.29
6,0,0,0,0,1,2,0.23,0.23,0.22,0.2,0.3,0.24,0.25,0.22,0.35,0.21,0.28,0.23,0.25,0.28,0.27,0.27,0.21,0.33
7,0,0,0,0,2,0,0.18,0.15,0.17,0.16,0.27,0.19,0.2,0.17,0.31,0.17,0.19,0.16,0.17,0.24,0.18,0.18,0.17,0.29
8,0,0,0,0,2,1,0.23,0.15,0.22,0.2,0.3,0.24,0.25,0.22,0.35,0.21,0.19,0.16,0.17,0.28,0.18,0.18,0.21,0.33
9,0,0,0,0,2,2,0.27,0.26,0.26,0.24,0.33,0.28,0.3,0.26,0.39,0.25,0.33,0.27,0.29,0.31,0.32,0.31,0.26,0.36
10,0,0,0,1,0,0,0.05,0.08,0.04,0.04,0.23,0.05,0.05,0.13,0.27,0.13,0.09,0.08,0.08,0.21,0.09,0.09,0.04,0.25
11,0,0,0,1,0,1,0.09,0.08,0.09,0.08,0.27,0.09,0.1,0.17,0.31,0.17,0.09,0.08,0.08,0.24,0.09,0.09,0.09,0.29
12,0,0,0,1,0,2,0.14,0.19,0.13,0.12,0.3,0.14,0.15,0.22,0.35,0.21,0.24,0.19,0.21,0.28,0.23,0.22,0.13,0.33
13,0,0,0,1,1,0,0.14,0.15,0.13,0.12,0.27,0.14,0.15,0.22,0.31,0.21,0.19,0.16,0.17,0.24,0.18,0.18,0.13,0.29
14,0,0,0,1,1,1,0.18,0.15,0.17,0.16,0.3,0.19,0.2,0.26,0.35,0.25,0.19,0.16,0.17,0.28,0.18,0.18,0.17,0.33
15,0,0,0,1,1,2,0.23,0.26,0.22,0.2,0.33,0.24,0.25,0.3,0.39,0.29,0.33,0.27,0.29,0.31,0.32,0.31,0.21,0.36
16,0,0,0,1,2,0,0.18,0.19,0.17,0.16,0.3,0.19,0.2,0.26,0.35,0.25,0.24,0.19,0.21,0.28,0.23,0.22,0.17,0.33
17,0,0,0,1,2,1,0.23,0.19,0.22,0.2,0.33,0.24,0.25,0.3,0.39,0.29,0.24,0.19,0.21,0.31,0.23,0.22,0.21,0.36
18,0,0,0,1,2,2,0.27,0.3,0.26,0.24,0.37,0.28,0.3,0.35,0.43,0.33,0.38,0.31,0.33,0.34,0.36,0.36,0.26,0.4
19,0,0,0,2,0,0,0.18,0.11,0.17,0.16,0.27,0.19,0.2,0.17,0.31,0.17,0.14,0.12,0.13,0.24,0.14,0.13,0.17,0.29
20,0,0,0,2,0,1,0.23,0.11,0.22,0.2,0.3,0.24,0.25,0.22,0.35,0.21,0.14,0.12,0.13,0.28,0.14,0.13,0.21,0.33
21,0,0,0,2,0,2,0.27,0.23,0.26,0.24,0.33,0.28,0.3,0.26,0.39,0.25,0.28,0.23,0.25,0.31,0.27,0.27,0.26,0.36
22,0,0,0,2,1,0,0.27,0.19,0.26,0.24,0.3,0.28,0.3,0.26,0.35,0.25,0.24,0.19,0.21,0.28,0.23,0.22,0.26,0.33
23,0,0,0,2,1,1,0.32,0.19,0.3,0.28,0.33,0.33,0.35,0.3,0.39,0.29,0.24,0.19,0.21,0.31,0.23,0.22,0.3,0.36
24,0,0,0,2,1,2,0.36,0.3,0.35,0.32,0.37,0.38,0.4,0.35,0.43,0.33,0.38,0.31,0.33,0.34,0.36,0.36,0.34,0.4
25,0,0,0,2,2,0,0.32,0.23,0.3,0.28,0.33,0.33,0.35,0.3,0.39,0.29,0.28,0.23,0.25,0.31,0.27,0.27,0.3,0.36
26,0,0,0,2,2,1,0.36,0.23,0.35,0.32,0.37,0.38,0.4,0.35,0.43,0.33,0.28,0.23,0.25,0.34,0.27,0.27,0.34,0.4
27,0,0,0,2,2,2,0.41,0.34,0.39,0.36,0.4,0.42,0.45,0.39,0.47,0.38,0.42,0.35,0.38,0.37,0.41,0.4,0.39,0.43
28,0,0,1,0,0,0,0.05,0.04,0.04,0.04,0.23,0.05,0.05,0.04,0.27,0.04,0.05,0.04,0.04,0.21,0.05,0.04,0.04,0.25
29,0,0,1,0,0,1,0.09,0.04,0.09,0.08,0.27,0.09,0.1,0.09,0.31,0.08,0.05,0.04,0.04,0.24,0.05,0.04,0.09,0.29
30,0,0,1,0,0,2,0.14,0.15,0.13,0.12,0.3,0.14,0.15,0.13,0.35,0.13,0.19,0.16,0.17,0.28,0.18,0.18,0.13,0.33
31,0,0,1,0,1,0,0.14,0.11,0.13,0.12,0.27,0.14,0.15,0.13,0.31,0.13,0.14,0.12,0.13,0.24,0.14,0.13,0.13,0.29
32,0,0,1,0,1,1,0.18,0.11,0.17,0.16,0.3,0.19,0.2,0.17,0.35,0.17,0.14,0.12,0.13,0.28,0.14,0.13,0.17,0.33
33,0,0,1,0,1,2,0.23,0.23,0.22,0.2,0.33,0.24,0.25,0.22,0.39,0.21,0.28,0.23,0.25,0.31,0.27,0.27,0.21,0.36
34,0,0,1,0,2,0,0.18,0.15,0.17,0.16,0.3,0.19,0.2,0.17,0.35,0.17,0.19,0.16,0.17,0.28,0.18,0.18,0.17,0.33
35,0,0,1,0,2,1,0.23,0.15,0.22,0.2,0.33,0.24,0.25,0.22,0.39,0.21,0.19,0.16,0.17,0.31,0.18,0.18,0.21,0.36
36,0,0,1,0,2,2,0.27,0.26,0.26,0.24,0.37,0.28,0.3,0.26,0.43,0.25,0.33,0.27,0.29,0.34,0.32,0.31,0.26,0.4
37,0,0,1,1,0,0,0.05,0.08,0.04,0.04,0.27,0.05,0.05,0.13,0.31,0.13,0.09,0.08,0.08,0.24,0.09,0.09,0.04,0.29
38,0,0,1,1,0,1,0.09,0.08,0.09,0.08,0.3,0.09,0.1,0.17,0.35,0.17,0.09,0.08,0.08,0.28,0.09,0.09,0.09,0.33
39,0,0,1,1,0,2,0.14,0.19,0.13,0.12,0.33,0.14,0.15,0.22,0.39,0.21,0.24,0.19,0.21,0.31,0.23,0.22,0.13,0.36
40,0,0,1,1,1,0,0.14,0.15,0.13,0.12,0.3,0.14,0.15,0.22,0.35,0.21,0.19,0.16,0.17,0.28,0.18,0.18,0.13,0.33
41,0,0,1,1,1,1,0.18,0.15,0.17,0.16,0.33,0.19,0.2,0.26,0.39,0.25,0.19,0.16,0.17,0.31,0.18,0.18,0.17,0.36
42,0,0,1,1,1,2,0.23,0.26,0.22,0.2,0.37,0.24,0.25,0.3,0.43,0.29,0.33,0.27,0.29,0.34,0.32,0.31,0.21,0.4
43,0,0,1,1,2,0,0.18,0.19,0.17,0.16,0.33,0.19,0.2,0.26,0.39,0.25,0.24,0.19,0.21,0.31,0.23,0.22,0.17,0.36
44,0,0,1,1,2,1,0.23,0.19,0.22,0.2,0.37,0.24,0.25,0.3,0.43,0.29,0.24,0.19,0.21,0.34,0.23,0.22,0.21,0.4
45,0,0,1,1,2,2,0.27,0.3,0.26,0.24,0.4,0.28,0.3,0.35,0.47,0.33,0.38,0.31,0.33,0.37,0.36,0.36,0.26,0.43
46,0,0,1,2,0,0,0.18,0.11,0.17,0.16,0.3,0.19,0.2,0.17,0.35,0.17,0.14,0.12,0.13,0.28,0.14,0.13,0.17,0.33
47,0,0,1,2,0,1,0.23,0.11,0.22,0.2,0.33,0.24,0.25,0.22,0.39,0.21,0.14,0.12,0.13,0.31,0.14,0.13,0.21,0.36
48,0,0,1,2,0,2,0.27,0.23,0.26,0.24,0.37,0.28,0.3,0.26,0.43,0.25,0.28,0.23,0.25,0.34,0.27,0.27,0.26,0.4
49,0,0,1,2,1,0,0.27,0.19,0.26,0.24,0.33,0.28,0.3,0.26,0.39,0.25,0.24,0.19,0.21,0.31,0.23,0.22,0.26,0.36
50,0,0,1,2,1,1,0.32,0.19,0.3,0.28,0.37,0.33,0.35,0.3,0.43,0.29,0.24,0.19,0.21,0.34,0.23,0.22,0.3,0.4
51,0,0,1,2,1,2,0.36,0.3,0.35,0.32,0.4,0.38,0.4,0.35,0.47,0.33,0.38,0.31,0.33,0.37,0.36,0.36,0.34,0.43
52,0,0,1,2,2,0,0.32,0.23,0.3,0.28,0.37,0.33,0.35,0.3,0.43,0.29,0.28,0.23,0.25,0.34,0.27,0.27,0.3,0.4
53,0,0,1,2,2,1,0.36,0.23,0.35,0.32,0.4,0.38,0.4,0.35,0.47,0.33,0.28,0.23,0.25,0.37,0.27,0.27,0.34,0.43
54,0,0,1,2,2,2,0.41,0.34,0.39,0.36,0.43,0.42,0.45,0.39,0.51,0.38,0.42,0.35,0.38,0.4,0.41,0.4,0.39,0.47
55,0,0,2,0,0,0,0.18,0.15,0.17,0.16,0.27,0.19,0.2,0.17,0.31,0.17,0.19,0.16,0.17,0.24,0.18,0.18,0.17,0.29
56,0,0,2,0,0,1,0.23,0.15,0.22,0.2,0.3,0.24,0.25,0.22,0.35,0.21,0.19,0.16,0.17,0.28,0.18,0.18,0.21,0.33
57,0,0,2,0,0,2,0.27,0.26,0.26,0.24,0.33,0.28,0.3,0.26,0.39,0.25,0.33,0.27,0.29,0.31,0.32,0.31,0.26,0.36
58,0,0,2,0,1,0,0.27,0.23,0.26,0.24,0.3,0.28,0.3,0.26,0.35,0.25,0.28,0.23,0.25,0.28,0.27,0.27,0.26,0.33
59,0,0,2,0,1,1,0.32,0.23,0.3,0.28,0.33,0.33,0.35,0.3,0.39,0.29,0.28,0.23,0.25,0.31,0.27,0.27,0.3,0.36
60,0,0,2,0,1,2,0.36,0.34,0.35,0.32,0.37,0.38,0.4,0.35,0.43,0.33,0.42,0.35,0.38,0.34,0.41,0.4,0.34,0.4
61,0,0,2,0,2,0,0.32,0.26,0.3,0.28,0.33,0.33,0.35,0.3,0.39,0.29,0.33,0.27,0.29,0.31,0.32,0.31,0.3,0.36
62,0,0,2,0,2,1,0.36,0.26,0.35,0.32,0.37,0.38,0.4,0.35,0.43,0.33,0.33,0.27,0.29,0.34,0.32,0.31,0.34,0.4
63,0,0,2,0,2,2,0.41,0.38,0.39,0.36,0.4,0.42,0.45,0.39,0.47,0.38,0.47,0.39,0.42,0.37,0.46,0.44,0.39,0.43
64,0,0,2,1,0,0,0.18,0.19,0.17,0.16,0.3,0.19,0.2,0.26,0.35,0.25,0.24,0.19,0.21,0.28,0.23,0.22,0.17,0.33
65,0,0,2,1,0,1,0.23,0.19,0.22,0.2,0.33,0.24,0.25,0.3,0.39,0.29,0.24,0.19,0.21,0.31,0.23,0.22,0.21,0.36
66,0,0,2,1,0,2,0.27,0.3,0.26,0.24,0.37,0.28,0.3,0.35,0.43,0.33,0.38,0.31,0.33,0.34,0.36,0.36,0.26,0.4
67,0,0,2,1,1,0,0.27,0.26,0.26,0.24,0.33,0.28,0.3,0.35,0.39,0.33,0.33,0.27,0.29,0.31,0.32,0.31,0.26,0.36
68,0,0,2,1,1,1,0.32,0.26,0.3,0.28,0.37,0.33,0.35,0.39,0.43,0.38,0.33,0.27,0.29,0.34,0.32,0.31,0.3,0.4
69,0,0,2,1,1,2,0.36,0.38,0.35,0.32,0.4,0.38,0.4,0.43,0.47,0.42,0.47,0.39,0.42,0.37,0.46,0.44,0.34,0.43
70,0,0,2,1,2,0,0.32,0.3,0.3,0.28,0.37,0.33,0.35,0.39,0.43,0.38,0.38,0.31,0.33,0.34,0.36,0.36,0.3,0.4
71,0,0,2,1,2,1,0.36,0.3,0.35,0.32,0.4,0.38,0.4,0.43,0.47,0.42,0.38,0.31,0.33,0.37,0.36,0.36,0.34,0.43
72,0,0,2,1,2,2,0.41,0.42,0.39,0.36,0.43,0.42,0.45,0.48,0.51,0.46,0.52,0.43,0.46,0.4,0.5,0.49,0.39,0.47
73,0,0,2,2,0,0,0.32,0.23,0.3,0.28,0.33,0.33,0.35,0.3,0.39,0.29,0.28,0.23,0.25,0.31,0.27,0.27,0.3,0.36
74,0,0,2,2,0,1,0.36,0.23,0.35,0.32,0.37,0.38,0.4,0.35,0.43,0.33,0.28,0.23,0.25,0.34,0.27,0.27,0.34,0.4
75,0,0,2,2,0,2,0.41,0.34,0.39,0.36,0.4,0.42,0.45,0.39,0.47,0.38,0.42,0.35,0.38,0.37,0.41,0.4,0.39,0.43
76,0,0,2,2,1,0,0.41,0.3,0.39,0.36,0.37,0.42,0.45,0.39,0.43,0.38,0.38,0.31,0.33,0.34,0.36,0.36,0.39,0.4
77,0,0,2,2,1,1,0.46,0.3,0.43,0.41,0.4,0.47,0.5,0.43,0.47,0.42,0.38,0.31,0.33,0.37,0.36,0.36,0.43,0.43
78,0,0,2,2,1,2,0.5,0.42,0.48,0.45,0.43,0.52,0.55,0.48,0.51,0.46,0.52,0.43,0.46,0.4,0.5,0.49,0.47,0.47
79,0,0,2,2,2,0,0.46,0.34,0.43,0.41,0.4,0.47,0.5,0.43,0.47,0.42,0.42,0.35,0.38,0.37,0.41,0.4,0.43,0.43
80,0,0,2,2,2,1,0.5,0.34,0.48,0.45,0.43,0.52,0.55,0.48,0.51,0.46,0.42,0.35,0.38,0.4,0.41,0.4,0.47,0.47
81,0,0,2,2,2,2,0.55,0.45,0.52,0.49,0.47,0.57,0.6,0.52,0.54,0.5,0.57,0.47,0.5,0.43,0.55,0.53,0.51,0.51
82,0,1,0,0,0,0,0.14,0.11,0.13,0.12,0.23,0.14,0.15,0.13,0.27,0.13,0.14,0.12,0.13,0.21,0.14,0.13,0.13,0.25
83,0,1,0,0,0,1,0.18,0.11,0.17,0.16,0.27,0.19,0.2,0.17,0.31,0.17,0.14,0.12,0.13,0.24,0.14,0.13,0.17,0.29
84,0,1,0,0,0,2,0.23,0.23,0.22,0.2,0.3,0.24,0.25,0.22,0.35,0.21,0.28,0.23,0.25,0.28,0.27,0.27,0.21,0.33
85,0,1,0,0,1,0,0.23,0.19,0.22,0.2,0.27,0.24,0.25,0.22,0.31,0.21,0.24,0.19,0.21,0.24,0.23,0.22,0.21,0.29
86,0,1,0,0,1,1,0.27,0.19,0.26,0.24,0.3,0.28,0.3,0.26,0.35,0.25,0.24,0.19,0.21,0.28,0.23,0.22,0.26,0.33
87,0,1,0,0,1,2,0.32,0.3,0.3,0.28,0.33,0.33,0.35,0.3,0.39,0.29,0.38,0.31,0.33,0.31,0.36,0.36,0.3,0.36
88,0,1,0,0,2,0,0.27,0.23,0.26,0.24,0.3,0.28,0.3,0.26,0.35,0.25,0.28,0.23,0.25,0.28,0.27,0.27,0.26,0.33
89,0,1,0,0,2,1,0.32,0.23,0.3,0.28,0.33,0.33,0.35,0.3,0.39,0.29,0.28,0.23,0.25,0.31,0.27,0.27,0.3,0.36
90,0,1,0,0,2,2,0.36,0.34,0.35,0.32,0.37,0.38,0.4,0.35,0.43,0.33,0.42,0.35,0.38,0.34,0.41,0.4,0.34,0.4
91,0,1,0,1,0,0,0.14,0.15,0.13,0.12,0.27,0.14,0.15,0.22,0.31,0.21,0.19,0.16,0.17,0.24,0.18,0.18,0.13,0.29
92,0,1,0,1,0,1,0.18,0.15,0.17,0.16,0.3,0.19,0.2,0.26,0.35,0.25,0.19,0.16,0.17,0.28,0.18,0.18,0.17,0.33
93,0,1,0,1,0,2,0.23,0.26,0.22,0.2,0.33,0.24,0.25,0.3,0.39,0.29,0.33,0.27,0.29,0.31,0.32,0.31,0.21,0.36
94,0,1,0,1,1,0,0.23,0.23,0.22,0.2,0.3,0.24,0.25,0.3,0.35,0.29,0.28,0.23,0.25,0.28,0.27,0.27,0.21,0.33
95,0,1,0,1,1,1,0.27,0.23,0.26,0.24,0.33,0.28,0.3,0.35,0.39,0.33,0.28,0.23,0.25,0.31,0.27,0.27,0.26,0.36
96,0,1,0,1,1,2,0.32,0.34,0.3,0.28,0.37,0.33,0.35,0.39,0.43,0.38,0.42,0.35,0.38,0.34,0.41,0.4,0.3,0.4
97,0,1,0,1,2,0,0.27,0.26,0.26,0.24,0.33,0.28,0.3,0.35,0.39,0.33,0.33,0.27,0.29,0.31,0.32,0.31,0.26,0.36
98,0,1,0,1,2,1,0.32,0.26,0.3,0.28,0.37,0.33,0.35,0.39,0.43,0.38,0.33,0.27,0.29,0.34,0.32,0.31,0.3,0.4
99,0,1,0,1,2,2,0.36,0.38,0.35,0.32,0.4,0.38,0.4,0.43,0.47,0.42,0.47,0.39,0.42,0.37,0.46,0.44,0.34,0.43
100,0,1,0,2,0,0,0.27,0.19,0.26,0.24,0.3,0.28,0.3,0.26,0.35,0.25,0.24,0.19,0.21,0.28,0.23,0.22,0.26,0.33
101,0,1,0,2,0,1,0.32,0.19,0.3,0.28,0.33,0.33,0.35,0.3,0.39,0.29,0.24,0.19,0.21,0.31,0.23,0.22,0.3,0.36
102,0,1,0,2,0,2,0.36,0.3,0.35,0.32,0.37,0.38,0.4,0.35,0.43,0.33,0.38,0.31,0.33,0.34,0.36,0.36,0.34,0.4
103,0,1,0,2,1,0,0.36,0.26,0.35,0.32,0.33,0.38,0.4,0.35,0.39,0.33,0.33,0.27,0.29,0.31,0.32,0.31,0.34,0.36
104,0,1,0,2,1,1,0.41,0.26,0.39,0.36,0.37,0.42,0.45,0.39,0.43,0.38,0.33,0.27,0.29,0.34,0.32,0.31,0.39,0.4
105,0,1,0,2,1,2,0.46,0.38,0.43,0.41,0.4,0.47,0.5,0.43,0.47,0.42,0.47,0.39,0.42,0.37,0.46,0.44,0.43,0.43
106,0,1,0,2,2,0,0.41,0.3,0.39,0.36,0.37,0.42,0.45,0.39,0.43,0.38,0.38,0.31,0.33,0.34,0.36,0.36,0.39,0.4
107,0,1,0,2,2,1,0.46,0.3,0.43,0.41,0.4,0.47,0.5,0.43,0.47,0.42,0.38,0.31,0.33,0.37,0.36,0.36,0.43,0.43
108,0,1,0,2,2,2,0.5,0.42,0.48,0.45,0.43,0.52,0.55,0.48,0.51,0.46,0.52,0.43,0.46,0.4,0.5,0.49,0.47,0.47
109,0,1,1,0,0,0,0.14,0.11,0.13,0.12,0.27,0.14,0.15,0.13,0.31,0.13,0.14,0.12,0.13,0.24,0.14,0.13,0.13,0.29
110,0,1,1,0,0,1,0.18,0.11,0.17,0.16,0.3,0.19,0.2,0.17,0.35,0.17,0.14,0.12,0.13,0.28,0.14,0.13,0.17,0.33
111,0,1,1,0,0,2,0.23,0.23,0.22,0.2,0.33,0.24,0.25,0.22,0.39,0.21,0.28,0.23,0.25,0.31,0.27,0.27,0.21,0.36
112,0,1,1,0,1,0,0.23,0.19,0.22,0.2,0.3,0.24,0.25,0.22,0.35,0.21,0.24,0.19,0.21,0.28,0.23,0.22,0.21,0.33
113,0,1,1,0,1,1,0.27,0.19,0.26,0.24,0.33,0.28,0.3,0.26,0.39,0.25,0.24,0.19,0.21,0.31,0.23,0.22,0.26,0.36
114,0,1,1,0,1,2,0.32,0.3,0.3,0.28,0.37,0.33,0.35,0.3,0.43,0.29,0.38,0.31,0.33,0.34,0.36,0.36,0.3,0.4
115,0,1,1,0,2,0,0.27,0.23,0.26,0.24,0.33,0.28,0.3,0.26,0.39,0.25,0.28,0.23,0.25,0.31,0.27,0.27,0.26,0.36
116,0,1,1,0,2,1,0.32,0.23,0.3,0.28,0.37,0.33,0.35,0.3,0.43,0.29,0.28,0.23,0.25,0.34,0.27,0.27,0.3,0.4
117,0,1,1,0,2,2,0.36,0.34,0.35,0.32,0.4,0.38,0.4,0.35,0.47,0.33,0.42,0.35,0.38,0.37,0.41,0.4,0.34,0.43
118,0,1,1,1,0,0,0.14,0.15,0.13,0.12,0.3,0.14,0.15,0.22,0.35,0.21,0.19,0.16,0.17,0.28,0.18,0.18,0.13,0.33
119,0,1,1,1,0,1,0.18,0.15,0.17,0.16,0.33,0.19,0.2,0.26,0.39,0.25,0.19,0.16,0.17,0.31,0.18,0.18,0.17,0.36
120,0,1,1,1,0,2,0.23,0.26,0.22,0.2,0.37,0.24,0.25,0.3,0.43,0.29,0.33,0.27,0.29,0.34,0.32,0.31,0.21,0.4
121,0,1,1,1,1,0,0.23,0.23,0.22,0.2,0.33,0.24,0.25,0.3,0.39,0.29,0.28,0.23,0.25,0.31,0.27,0.27,0.21,0.36
122,0,1,1,1,1,1,0.27,0.23,0.26,0.24,0.37,0.28,0.3,0.35,0.43,0.33,0.28,0.23,0.25,0.34,0.27,0.27,0.26,0.4
123,0,1,1,1,1,2,0.32,0.34,0.3,0.28,0.4,0.33,0.35,0.39,0.47,0.38,0.42,0.35,0.38,0.37,0.41,0.4,0.3,0.43
124,0,1,1,1,2,0,0.27,0.26,0.26,0.24,0.37,0.28,0.3,0.35,0.43,0.33,0.33,0.27,0.29,0.34,0.32,0.31,0.26,0.4
125,0,1,1,1,2,1,0.32,0.26,0.3,0.28,0.4,0.33,0.35,0.39,0.47,0.38,0.33,0.27,0.29,0.37,0.32,0.31,0.3,0.43
126,0,1,1,1,2,2,0.36,0.38,0.35,0.32,0.43,0.38,0.4,0.43,0.51,0.42,0.47,0.39,0.42,0.4,0.46,0.44,0.34,0.47
127,0,1,1,2,0,0,0.27,0.19,0.26,0.24,0.33,0.28,0.3,0.26,0.39,0.25,0.24,0.19,0.21,0.31,0.23,0.22,0.26,0.36
128,0,1,1,2,0,1,0.32,0.19,0.3,0.28,0.37,0.33,0.35,0.3,0.43,0.29,0.24,0.19,0.21,0.34,0.23,0.22,0.3,0.4
129,0,1,1,2,0,2,0.36,0.3,0.35,0.32,0.4,0.38,0.4,0.35,0.47,0.33,0.38,0.31,0.33,0.37,0.36,0.36,0.34,0.43
130,0,1,1,2,1,0,0.36,0.26,0.35,0.32,0.37,0.38,0.4,0.35,0.43,0.33,0.33,0.27,0.29,0.34,0.32,0.31,0.34,0.4
131,0,1,1,2,1,1,0.41,0.26,0.39,0.36,0.4,0.42,0.45,0.39,0.47,0.38,0.33,0.27,0.29,0.37,0.32,0.31,0.39,0.43
132,0,1,1,2,1,2,0.46,0.38,0.43,0.41,0.43,0.47,0.5,0.43,0.51,0.42,0.47,0.39,0.42,0.4,0.46,0.44,0.43,0.47
133,0,1,1,2,2,0,0.41,0.3,0.39,0.36,0.4,0.42,0.45,0.39,0.47,0.38,0.38,0.31,0.33,0.37,0.36,0.36,0.39,0.43
134,0,1,1,2,2,1,0.46,0.3,0.43,0.41,0.43,0.47,0.5,0.43,0.51,0.42,0.38,0.31,0.33,0.4,0.36,0.36,0.43,0.47
135,0,1,1,2,2,2,0.5,0.42,0.48,0.45,0.47,0.52,0.55,0.48,0.54,0.46,0.52,0.43,0.46,0.43,0.5,0.49,0.47,0.51
136,0,1,2,0,0,0,0.27,0.23,0.26,0.24,0.3,0.28,0.3,0.26,0.35,0.25,0.28,0.23,0.25,0.28,0.27,0.27,0.26,0.33
137,0,1,2,0,0,1,0.32,0.23,0.3,0.28,0.33,0.33,0.35,0.3,0.39,0.29,0.28,0.23,0.25,0.31,0.27,0.27,0.3,0.36
138,0,1,2,0,0,2,0.36,0.34,0.35,0.32,0.37,0.38,0.4,0.35,0.43,0.33,0.42,0.35,0.38,0.34,0.41,0.4,0.34,0.4
139,0,1,2,0,1,0,0.36,0.3,0.35,0.32,0.33,0.38,0.4,0.35,0.39,0.33,0.38,0.31,0.33,0.31,0.36,0.36,0.34,0.36
140,0,1,2,0,1,1,0.41,0.3,0.39,0.36,0.37,0.42,0.45,0.39,0.43,0.38,0.38,0.31,0.33,0.34,0.36,0.36,0.39,0.4
141,0,1,2,0,1,2,0.46,0.42,0.43,0.41,0.4,0.47,0.5,0.43,0.47,0.42,0.52,0.43,0.46,0.37,0.5,0.49,0.43,0.43
142,0,1,2,0,2,0,0.41,0.34,0.39,0.36,0.37,0.42,0.45,0.39,0.43,0.38,0.42,0.35,0.38,0.34,0.41,0.4,0.39,0.4
143,0,1,2,0,2,1,0.46,0.34,0.43,0.41,0.4,0.47,0.5,0.43,0.47,0.42,0.42,0.35,0.38,0.37,0.41,0.4,0.43,0.43
144,0,1,2,0,2,2,0.5,0.45,0.48,0.45,0.43,0.52,0.55,0.48,0.51,0.46,0.57,0.47,0.5,0.4,0.55,0.53,0.47,0.47
145,0,1,2,1,0,0,0.27,0.26,0.26,0.24,0.33,0.28,0.3,0.35,0.39,0.33,0.33,0.27,0.29,0.31,0.32,0.31,0.26,0.36
146,0,1,2,1,0,1,0.32,0.26,0.3,0.28,0.37,0.33,0.35,0.39,0.43,0.38,0.33,0.27,0.29,0.34,0.32,0.31,0.3,0.4
147,0,1,2,1,0,2,0.36,0.38,0.35,0.32,0.4,0.38,0.4,0.43,0.47,0.42,0.47,0.39,0.42,0.37,0.46,0.44,0.34,0.43
148,0,1,2,1,1,0,0.36,0.34,0.35,0.32,0.37,0.38,0.4,0.43,0.43,0.42,0.42,0.35,0.38,0.34,0.41,0.4,0.34,0.4
149,0,1,2,1,1,1,0.41,0.34,0.39,0.36,0.4,0.42,0.45,0.48,0.47,0.46,0.42,0.35,0.38,0.37,0.41,0.4,0.39,0.43
150,0,1,2,1,1,2,0.46,0.45,0.43,0.41,0.43,0.47,0.5,0.52,0.51,0.5,0.57,0.47,0.5,0.4,0.55,0.53,0.43,0.47
151,0,1,2,1,2,0,0.41,0.38,0.39,0.36,0.4,0.42,0.45,0.48,0.47,0.46,0.47,0.39,0.42,0.37,0.46,0.44,0.39,0.43
152,0,1,2,1,2,1,0.46,0.38,0.43,0.41,0.43,0.47,0.5,0.52,0.51,0.5,0.47,0.39,0.42,0.4,0.46,0.44,0.43,0.47
153,0,1,2,1,2,2,0.5,0.49,0.48,0.45,0.47,0.52,0.55,0.56,0.54,0.54,0.61,0.51,0.54,0.43,0.59,0.58,0.47,0.51
154,0,1,2,2,0,0,0.41,0.3,0.39,0.36,0.37,0.42,0.45,0.39,0.43,0.38,0.38,0.31,0.33,0.34,0.36,0.36,0.39,0.4
155,0,1,2,2,0,1,0.46,0.3,0.43,0.41,0.4,0.47,0.5,0.43,0.47,0.42,0.38,0.31,0.33,0.37,0.36,0.36,0.43,0.43
156,0,1,2,2,0,2,0.5,0.42,0.48,0.45,0.43,0.52,0.55,0.48,0.51,0.46,0.52,0.43,0.46,0.4,0.5,0.49,0.47,0.47
157,0,1,2,2,1,0,0.5,0.38,0.48,0.45,0.4,0.52,0.55,0.48,0.47,0.46,0.47,0.39,0.42,0.37,0.46,0.44,0.47,0.43
158,0,1,2,2,1,1,0.55,0.38,0.52,0.49,0.43,0.57,0.6,0.52,0.51,0.5,0.47,0.39,0.42,0.4,0.46,0.44,0.51,0.47
159,0,1,2,2,1,2,0.59,0.49,0.56,0.53,0.47,0.61,0.65,0.56,0.54,0.54,0.61,0.51,0.54,0.43,0.59,0.58,0.56,0.51
160,0,1,2,2,2,0,0.55,0.42,0.52,0.49,0.43,0.57,0.6,0.52,0.51,0.5,0.52,0.43,0.46,0.4,0.5,0.49,0.51,0.47
161,0,1,2,2,2,1,0.59,0.42,0.56,0.53,0.47,0.61,0.65,0.56,0.54,0.54,0.52,0.43,0.46,0.43,0.5,0.49,0.56,0.51
162,0,1,2,2,2,2,0.64,0.53,0.61,0.57,0.5,0.66,0.7,0.61,0.58,0.58,0.66,0.54,0.58,0.46,0.64,0.62,0.6,0.54
163,0,2,0,0,0,0,0.18,0.15,0.17,0.16,0.27,0.19,0.2,0.17,0.31,0.17,0.19,0.16,0.17,0.24,0.18,0.18,0.17,0.29
164,0,2,0,0,0,1,0.23,0.15,0.22,0.2,0.3,0.24,0.25,0.22,0.35,0.21,0.19,0.16,0.17,0.28,0.18,0.18,0.21,0.33
165,0,2,0,0,0,2,0.27,0.26,0.26,0.24,0.33,0.28,0.3,0.26,0.39,0.25,0.33,0.27,0.29,0.31,0.32,0.31,0.26,0.36
166,0,2,0,0,1,0,0.27,0.23,0.26,0.24,0.3,0.28,0.3,0.26,0.35,0.25,0.28,0.23,0.25,0.28,0.27,0.27,0.26,0.33
167,0,2,0,0,1,1,0.32,0.23,0.3,0.28,0.33,0.33,0.35,0.3,0.39,0.29,0.28,0.23,0.25,0.31,0.27,0.27,0.3,0.36
168,0,2,0,0,1,2,0.36,0.34,0.35,0.32,0.37,0.38,0.4,0.35,0.43,0.33,0.42,0.35,0.38,0.34,0.41,0.4,0.34,0.4
169,0,2,0,0,2,0,0.32,0.26,0.3,0.28,0.33,0.33,0.35,0.3,0.39,0.29,0.33,0.27,0.29,0.31,0.32,0.31,0.3,0.36
170,0,2,0,0,2,1,0.36,0.26,0.35,0.32,0.37,0.38,0.4,0.35,0.43,0.33,0.33,0.27,0.29,0.34,0.32,0.31,0.34,0.4
171,0,2,0,0,2,2,0.41,0.38,0.39,0.36,0.4,0.42,0.45,0.39,0.47,0.38,0.47,0.39,0.42,0.37,0.46,0.44,0.39,0.43
172,0,2,0,1,0,0,0.18,0.19,0.17,0.16,0.3,0.19,0.2,0.26,0.35,0.25,0.24,0.19,0.21,0.28,0.23,0.22,0.17,0.33
173,0,2,0,1,0,1,0.23,0.19,0.22,0.2,0.33,0.24,0.25,0.3,0.39,0.29,0.24,0.19,0.21,0.31,0.23,0.22,0.21,0.36
174,0,2,0,1,0,2,0.27,0.3,0.26,0.24,0.37,0.28,0.3,0.35,0.43,0.33,0.38,0.31,0.33,0.34,0.36,0.36,0.26,0.4
175,0,2,0,1,1,0,0.27,0.26,0.26,0.24,0.33,0.28,0.3,0.35,0.39,0.33,0.33,0.27,0.29,0.31,0.32,0.31,0.26,0.36
176,0,2,0,1,1,1,0.32,0.26,0.3,0.28,0.37,0.33,0.35,0.39,0.43,0.38,0.33,0.27,0.29,0.34,0.32,0.31,0.3,0.4
177,0,2,0,1,1,2,0.36,0.38,0.35,0.32,0.4,0.38,0.4,0.43,0.47,0.42,0.47,0.39,0.42,0.37,0.46,0.44,0.34,0.43
178,0,2,0,1,2,0,0.32,0.3,0.3,0.28,0.37,0.33,0.35,0.39,0.43,0.38,0.38,0.31,0.33,0.34,0.36,0.36,0.3,0.4
179,0,2,0,1,2,1,0.36,0.3,0.35,0.32,0.4,0.38,0.4,0.43,0.47,0.42,0.38,0.31,0.33,0.37,0.36,0.36,0.34,0.43
180,0,2,0,1,2,2,0.41,0.42,0.39,0.36,0.43,0.42,0.45,0.48,0.51,0.46,0.52,0.43,0.46,0.4,0.5,0.49,0.39,0.47
181,0,2,0,2,0,0,0.32,0.23,0.3,0.28,0.33,0.33,0.35,0.3,0.39,0.29,0.28,0.23,0.25,0.31,0.27,0.27,0.3,0.36
182,0,2,0,2,0,1,0.36,0.23,0.35,0.32,0.37,0.38,0.4,0.35,0.43,0.33,0.28,0.23,0.25,0.34,0.27,0.27,0.34,0.4
183,0,2,0,2,0,2,0.41,0.34,0.39,0.36,0.4,0.42,0.45,0.39,0.47,0.38,0.42,0.35,0.38,0.37,0.41,0.4,0.39,0.43
184,0,2,0,2,1,0,0.41,0.3,0.39,0.36,0.37,0.42,0.45,0.39,0.43,0.38,0.38,0.31,0.33,0.34,0.36,0.36,0.39,0.4
185,0,2,0,2,1,1,0.46,0.3,0.43,0.41,0.4,0.47,0.5,0.43,0.47,0.42,0.38,0.31,0.33,0.37,0.36,0.36,0.43,0.43
186,0,2,0,2,1,2,0.5,0.42,0.48,0.45,0.43,0.52,0.55,0.48,0.51,0.46,0.52,0.43,0.46,0.4,0.5,0.49,0.47,0.47
187,0,2,0,2,2,0,0.46,0.34,0.43,0.41,0.4,0.47,0.5,0.43,0.47,0.42,0.42,0.35,0.38,0.37,0.41,0.4,0.43,0.43
188,0,2,0,2,2,1,0.5,0.34,0.48,0.45,0.43,0.52,0.55,0.48,0.51,0.46,0.42,0.35,0.38,0.4,0.41,0.4,0.47,0.47
189,0,2,0,2,2,2,0.55,0.45,0.52,0.49,0.47,0.57,0.6,0.52,0.54,0.5,0.57,0.47,0.5,0.43,0.55,0.53,0.51,0.51
190,0,2,1,0,0,0,0.18,0.15,0.17,0.16,0.3,0.19,0.2,0.17,0.35,0.17,0.19,0.16,0.17,0.28,0.18,0.18,0.17,0.33
191,0,2,1,0,0,1,0.23,0.15,0.22,0.2,0.33,0.24,0.25,0.22,0.39,0.21,0.19,0.16,0.17,0.31,0.18,0.18,0.21,0.36
192,0,2,1,0,0,2,0.27,0.26,0.26,0.24,0.37,0.28,0.3,0.26,0.43,0.25,0.33,0.27,0.29,0.34,0.32,0.31,0.26,0.4
193,0,2,1,0,1,0,0.27,0.23,0.26,0.24,0.33,0.28,0.3,0.26,0.39,0.25,0.28,0.23,0.25,0.31,0.27,0.27,0.26,0.36
194,0,2,1,0,1,1,0.32,0.23,0.3,0.28,0.37,0.33,0.35,0.3,0.43,0.29,0.28,0.23,0.25,0.34,0.27,0.27,0.3,0.4
195,0,2,1,0,1,2,0.36,0.34,0.35,0.32,0.4,0.38,0.4,0.35,0.47,0.33,0.42,0.35,0.38,0.37,0.41,0.4,0.34,0.43
196,0,2,1,0,2,0,0.32,0.26,0.3,0.28,0.37,0.33,0.35,0.3,0.43,0.29,0.33,0.27,0.29,0.34,0.32,0.31,0.3,0.4
197,0,2,1,0,2,1,0.36,0.26,0.35,0.32,0.4,0.38,0.4,0.35,0.47,0.33,0.33,0.27,0.29,0.37,0.32,0.31,0.34,0.43
198,0,2,1,0,2,2,0.41,0.38,0.39,0.36,0.43,0.42,0.45,0.39,0.51,0.38,0.47,0.39,0.42,0.4,0.46,0.44,0.39,0.47
199,0,2,1,1,0,0,0.18,0.19,0.17,0.16,0.33,0.19,0.2,0.26,0.39,0.25,0.24,0.19,0.21,0.31,0.23,0.22,0.17,0.36
200,0,2,1,1,0,1,0.23,0.19,0.22,0.2,0.37,0.24,0.25,0.3,0.43,0.29,0.24,0.19,0.21,0.34,0.23,0.22,0.21,0.4
201,0,2,1,1,0,2,0.27,0.3,0.26,0.24,0.4,0.28,0.3,0.35,0.47,0.33,0.38,0.31,0.33,0.37,0.36,0.36,0.26,0.43
202,0,2,1,1,1,0,0.27,0.26,0.26,0.24,0.37,0.28,0.3,0.35,0.43,0.33,0.33,0.27,0.29,0.34,0.32,0.31,0.26,0.4
203,0,2,1,1,1,1,0.32,0.26,0.3,0.28,0.4,0.33,0.35,0.39,0.47,0.38,0.33,0.27,0.29,0.37,0.32,0.31,0.3,0.43
204,0,2,1,1,1,2,0.36,0.38,0.35,0.32,0.43,0.38,0.4,0.43,0.51,0.42,0.47,0.39,0.42,0.4,0.46,0.44,0.34,0.47
205,0,2,1,1,2,0,0.32,0.3,0.3,0.28,0.4,0.33,0.35,0.39,0.47,0.38,0.38,0.31,0.33,0.37,0.36,0.36,0.3,0.43
206,0,2,1,1,2,1,0.36,0.3,0.35,0.32,0.43,0.38,0.4,0.43,0.51,0.42,0.38,0.31,0.33,0.4,0.36,0.36,0.34,0.47
207,0,2,1,1,2,2,0.41,0.42,0.39,0.36,0.47,0.42,0.45,0.48,0.54,0.46,0.52,0.43,0.46,0.43,0.5,0.49,0.39,0.51
208,0,2,1,2,0,0,0.32,0.23,0.3,0.28,0.37,0.33,0.35,0.3,0.43,0.29,0.28,0.23,0.25,0.34,0.27,0.27,0.3,0.4
209,0,2,1,2,0,1,0.36,0.23,0.35,0.32,0.4,0.38,0.4,0.35,0.47,0.33,0.28,0.23,0.25,0.37,0.27,0.27,0.34,0.43
210,0,2,1,2,0,2,0.41,0.34,0.39,0.36,0.43,0.42,0.45,0.39,0.51,0.38,0.42,0.35,0.38,0.4,0.41,0.4,0.39,0.47
211,0,2,1,2,1,0,0.41,0.3,0.39,0.36,0.4,0.42,0.45,0.39,0.47,0.38,0.38,0.31,0.33,0.37,0.36,0.36,0.39,0.43
212,0,2,1,2,1,1,0.46,0.3,0.43,0.41,0.43,0.47,0.5,0.43,0.51,0.42,0.38,0.31,0.33,0.4,0.36,0.36,0.43,0.47
213,0,2,1,2,1,2,0.5,0.42,0.48,0.45,0.47,0.52,0.55,0.48,0.54,0.46,0.52,0.43,0.46,0.43,0.5,0.49,0.47,0.51
214,0,2,1,2,2,0,0.46,0.34,0.43,0.41,0.43,0.47,0.5,0.43,0.51,0.42,0.42,0.35,0.38,0.4,0.41,0.4,0.43,0.47
215,0,2,1,2,2,1,0.5,0.34,0.48,0.45,0.47,0.52,0.55,0.48,0.54,0.46,0.42,0.35,0.38,0.43,0.41,0.4,0.47,0.51
216,0,2,1,2,2,2,0.55,0.45,0.52,0.49,0.5,0.57,0.6,0.52,0.58,0.5,0.57,0.47,0.5,0.46,0.55,0.53,0.51,0.54
217,0,2,2,0,0,0,0.32,0.26,0.3,0.28,0.33,0.33,0.35,0.3,0.39,0.29,0.33,0.27,0.29,0.31,0.32,0.31,0.3,0.36
218,0,2,2,0,0,1,0.36,0.26,0.35,0.32,0.37,0.38,0.4,0.35,0.43,0.33,0.33,0.27,0.29,0.34,0.32,0.31,0.34,0.4
219,0,2,2,0,0,2,0.41,0.38,0.39,0.36,0.4,0.42,0.45,0.39,0.47,0.38,0.47,0.39,0.42,0.37,0.46,0.44,0.39,0.43
220,0,2,2,0,1,0,0.41,0.34,0.39,0.36,0.37,0.42,0.45,0.39,0.43,0.38,0.42,0.35,0.38,0.34,0.41,0.4,0.39,0.4
221,0,2,2,0,1,1,0.46,0.34,0.43,0.41,0.4,0.47,0.5,0.43,0.47,0.42,0.42,0.35,0.38,0.37,0.41,0.4,0.43,0.43
222,0,2,2,0,1,2,0.5,0.45,0.48,0.45,0.43,0.52,0.55,0.48,0.51,0.46,0.57,0.47,0.5,0.4,0.55,0.53,0.47,0.47
223,0,2,2,0,2,0,0.46,0.38,0.43,0.41,0.4,0.47,0.5,0.43,0.47,0.42,0.47,0.39,0.42,0.37,0.46,0.44,0.43,0.43
224,0,2,2,0,2,1,0.5,0.38,0.48,0.45,0.43,0.52,0.55,0.48,0.51,0.46,0.47,0.39,0.42,0.4,0.46,0.44,0.47,0.47
225,0,2,2,0,2,2,0.55,0.49,0.52,0.49,0.47,0.57,0.6,0.52,0.54,0.5,0.61,0.51,0.54,0.43,0.59,0.58,0.51,0.51
226,0,2,2,1,0,0,0.32,0.3,0.3,0.28,0.37,0.33,0.35,0.39,0.43,0.38,0.38,0.31,0.33,0.34,0.36,0.36,0.3,0.4
227,0,2,2,1,0,1,0.36,0.3,0.35,0.32,0.4,0.38,0.4,0.43,0.47,0.42,0.38,0.31,0.33,0.37,0.36,0.36,0.34,0.43
228,0,2,2,1,0,2,0.41,0.42,0.39,0.36,0.43,0.42,0.45,0.48,0.51,0.46,0.52,0.43,0.46,0.4,0.5,0.49,0.39,0.47
229,0,2,2,1,1,0,0.41,0.38,0.39,0.36,0.4,0.42,0.45,0.48,0.47,0.46,0.47,0.39,0.42,0.37,0.46,0.44,0.39,0.43
230,0,2,2,1,1,1,0.46,0.38,0.43,0.41,0.43,0.47,0.5,0.52,0.51,0.5,0.47,0.39,0.42,0.4,0.46,0.44,0.43,0.47
231,0,2,2,1,1,2,0.5,0.49,0.48,0.45,0.47,0.52,0.55,0.56,0.54,0.54,0.61,0.51,0.54,0.43,0.59,0.58,0.47,0.51
232,0,2,2,1,2,0,0.46,0.42,0.43,0.41,0.43,0.47,0.5,0.52,0.51,0.5,0.52,0.43,0.46,0.4,0.5,0.49,0.43,0.47
233,0,2,2,1,2,1,0.5,0.42,0.48,0.45,0.47,0.52,0.55,0.56,0.54,0.54,0.52,0.43,0.46,0.43,0.5,0.49,0.47,0.51
234,0,2,2,1,2,2,0.55,0.53,0.52,0.49,0.5,0.57,0.6,0.61,0.58,0.58,0.66,0.54,0.58,0.46,0.64,0.62,0.51,0.54
235,0,2,2,2,0,0,0.46,0.34,0.43,0.41,0.4,0.47,0.5,0.43,0.47,0.42,0.42,0.35,0.38,0.37,0.41,0.4,0.43,0.43
236,0,2,2,2,0,1,0.5,0.34,0.48,0.45,0.43,0.52,0.55,0.48,0.51,0.46,0.42,0.35,0.38,0.4,0.41,0.4,0.47,0.47
237,0,2,2,2,0,2,0.55,0.45,0.52,0.49,0.47,0.57,0.6,0.52,0.54,0.5,0.57,0.47,0.5,0.43,0.55,0.53,0.51,0.51
238,0,2,2,2,1,0,0.55,0.42,0.52,0.49,0.43,0.57,0.6,0.52,0.51,0.5,0.52,0.43,0.46,0.4,0.5,0.49,0.51,0.47
239,0,2,2,2,1,1,0.59,0.42,0.56,0.53,0.47,0.61,0.65,0.56,0.54,0.54,0.52,0.43,0.46,0.43,0.5,0.49,0.56,0.51
240,0,2,2,2,1,2,0.64,0.53,0.61,0.57,0.5,0.66,0.7,0.61,0.58,0.58,0.66,0.54,0.58,0.46,0.64,0.62,0.6,0.54
241,0,2,2,2,2,0,0.59,0.45,0.56,0.53,0.47,0.61,0.65,0.56,0.54,0.54,0.57,0.47,0.5,0.43,0.55,0.53,0.56,0.51
242,0,2,2,2,2,1,0.64,0.45,0.61,0.57,0.5,0.66,0.7,0.61,0.58,0.58,0.57,0.47,0.5,0.46,0.55,0.53,0.6,0.54
243,0,2,2,2,2,2,0.68,0.57,0.65,0.61,0.53,0.71,0.75,0.65,0.62,0.63,0.71,0.58,0.63,0.49,0.68,0.67,0.64,0.58
244,1,0,0,0,0,0,0.05,0.11,0.13,0.12,0.23,0.14,0.15,0.13,0.27,0.13,0.14,0.12,0.13,0.21,0.14,0.13,0.04,0.25
245,1,0,0,0,0,1,0.09,0.11,0.17,0.16,0.27,0.19,0.2,0.17,0.31,0.17,0.14,0.12,0.13,0.24,0.14,0.13,0.09,0.29
246,1,0,0,0,0,2,0.14,0.23,0.22,0.2,0.3,0.24,0.25,0.22,0.35,0.21,0.28,0.23,0.25,0.28,0.27,0.27,0.13,0.33
247,1,0,0,0,1,0,0.14,0.19,0.22,0.2,0.27,0.24,0.25,0.22,0.31,0.21,0.24,0.19,0.21,0.24,0.23,0.22,0.13,0.29
248,1,0,0,0,1,1,0.18,0.19,0.26,0.24,0.3,0.28,0.3,0.26,0.35,0.25,0.24,0.19,0.21,0.28,0.23,0.22,0.17,0.33
249,1,0,0,0,1,2,0.23,0.3,0.3,0.28,0.33,0.33,0.35,0.3,0.39,0.29,0.38,0.31,0.33,0.31,0.36,0.36,0.21,0.36
250,1,0,0,0,2,0,0.18,0.23,0.26,0.24,0.3,0.28,0.3,0.26,0.35,0.25,0.28,0.23,0.25,0.28,0.27,0.27,0.17,0.33
251,1,0,0,0,2,1,0.23,0.23,0.3,0.28,0.33,0.33,0.35,0.3,0.39,0.29,0.28,0.23,0.25,0.31,0.27,0.27,0.21,0.36
252,1,0,0,0,2,2,0.27,0.34,0.35,0.32,0.37,0.38,0.4,0.35,0.43,0.33,0.42,0.35,0.38,0.34,0.41,0.4,0.26,0.4
253,1,0,0,1,0,0,0.05,0.15,0.13,0.12,0.27,0.14,0.15,0.22,0.31,0.21,0.19,0.16,0.17,0.24,0.18,0.18,0.04,0.29
254,1,0,0,1,0,1,0.09,0.15,0.17,0.16,0.3,0.19,0.2,0.26,0.35,0.25,0.19,0.16,0.17,0.28,0.18,0.18,0.09,0.33
255,1,0,0,1,0,2,0.14,0.26,0.22,0.2,0.33,0.24,0.25,0.3,0.39,0.29,0.33,0.27,0.29,0.31,0.32,0.31,0.13,0.36
256,1,0,0,1,1,0,0.14,0.23,0.22,0.2,0.3,0.24,0.25,0.3,0.35,0.29,0.28,0.23,0.25,0.28,0.27,0.27,0.13,0.33
257,1,0,0,1,1,1,0.18,0.23,0.26,0.24,0.33,0.28,0.3,0.35,0.39,0.33,0.28,0.23,0.25,0.31,0.27,0.27,0.17,0.36
258,1,0,0,1,1,2,0.23,0.34,0.3,0.28,0.37,0.33,0.35,0.39,0.43,0.38,0.42,0.35,0.38,0.34,0.41,0.4,0.21,0.4
259,1,0,0,1,2,0,0.18,0.26,0.26,0.24,0.33,0.28,0.3,0.35,0.39,0.33,0.33,0.27,0.29,0.31,0.32,0.31,0.17,0.36
260,1,0,0,1,2,1,0.23,0.26,0.3,0.28,0.37,0.33,0.35,0.39,0.43,0.38,0.33,0.27,0.29,0.34,0.32,0.31,0.21,0.4
261,1,0,0,1,2,2,0.27,0.38,0.35,0.32,0.4,0.38,0.4,0.43,0.47,0.42,0.47,0.39,0.42,0.37,0.46,0.44,0.26,0.43
262,1,0,0,2,0,0,0.18,0.19,0.26,0.24,0.3,0.28,0.3,0.26,0.35,0.25,0.24,0.19,0.21,0.28,0.23,0.22,0.17,0.33
263,1,0,0,2,0,1,0.23,0.19,0.3,0.28,0.33,0.33,0.35,0.3,0.39,0.29,0.24,0.19,0.21,0.31,0.23,0.22,0.21,0.36
264,1,0,0,2,0,2,0.27,0.3,0.35,0.32,0.37,0.38,0.4,0.35,0.43,0.33,0.38,0.31,0.33,0.34,0.36,0.36,0.26,0.4
265,1,0,0,2,1,0,0.27,0.26,0.35,0.32,0.33,0.38,0.4,0.35,0.39,0.33,0.33,0.27,0.29,0.31,0.32,0.31,0.26,0.36
266,1,0,0,2,1,1,0.32,0.26,0.39,0.36,0.37,0.42,0.45,0.39,0.43,0.38,0.33,0.27,0.29,0.34,0.32,0.31,0.3,0.4
267,1,0,0,2,1,2,0.36,0.38,0.43,0.41,0.4,0.47,0.5,0.43,0.47,0.42,0.47,0.39,0.42,0.37,0.46,0.44,0.34,0.43
268,1,0,0,2,2,0,0.32,0.3,0.39,0.36,0.37,0.42,0.45,0.39,0.43,0.38,0.38,0.31,0.33,0.34,0.36,0.36,0.3,0.4
269,1,0,0,2,2,1,0.36,0.3,0.43,0.41,0.4,0.47,0.5,0.43,0.47,0.42,0.38,0.31,0.33,0.37,0.36,0.36,0.34,0.43
270,1,0,0,2,2,2,0.41,0.42,0.48,0.45,0.43,0.52,0.55,0.48,0.51,0.46,0.52,0.43,0.46,0.4,0.5,0.49,0.39,0.47
271,1,0,1,0,0,0,0.05,0.11,0.13,0.12,0.27,0.14,0.15,0.13,0.31,0.13,0.14,0.12,0.13,0.24,0.14,0.13,0.04,0.29
272,1,0,1,0,0,1,0.09,0.11,0.17,0.16,0.3,0.19,0.2,0.17,0.35,0.17,0.14,0.12,0.13,0.28,0.14,0.13,0.09,0.33
273,1,0,1,0,0,2,0.14,0.23,0.22,0.2,0.33,0.24,0.25,0.22,0.39,0.21,0.28,0.23,0.25,0.31,0.27,0.27,0.13,0.36
274,1,0,1,0,1,0,0.14,0.19,0.22,0.2,0.3,0.24,0.25,0.22,0.35,0.21,0.24,0.19,0.21,0.28,0.23,0.22,0.13,0.33
275,1,0,1,0,1,1,0.18,0.19,0.26,0.24,0.33,0.28,0.3,0.26,0.39,0.25,0.24,0.19,0.21,0.31,0.23,0.22,0.17,0.36
276,1,0,1,0,1,2,0.23,0.3,0.3,0.28,0.37,0.33,0.35,0.3,0.43,0.29,0.38,0.31,0.33,0.34,0.36,0.36,0.21,0.4
277,1,0,1,0,2,0,0.18,0.23,0.26,0.24,0.33,0.28,0.3,0.26,0.39,0.25,0.28,0.23,0.25,0.31,0.27,0.27,0.17,0.36
278,1,0,1,0,2,1,0.23,0.23,0.3,0.28,0.37,0.33,0.35,0.3,0.43,0.29,0.28,0.23,0.25,0.34,0.27,0.27,0.21,0.4
279,1,0,1,0,2,2,0.27,0.34,0.35,0.32,0.4,0.38,0.4,0.35,0.47,0.33,0.42,0.35,0.38,0.37,0.41,0.4,0.26,0.43
280,1,0,1,1,0,0,0.05,0.15,0.13,0.12,0.3,0.14,0.15,0.22,0.35,0.21,0.19,0.16,0.17,0.28,0.18,0.18,0.04,0.33
281,1,0,1,1,0,1,0.09,0.15,0.17,0.16,0.33,0.19,0.2,0.26,0.39,0.25,0.19,0.16,0.17,0.31,0.18,0.18,0.09,0.36
282,1,0,1,1,0,2,0.14,0.26,0.22,0.2,0.37,0.24,0.25,0.3,0.43,0.29,0.33,0.27,0.29,0.34,0.32,0.31,0.13,0.4
283,1,0,1,1,1,0,0.14,0.23,0.22,0.2,0.33,0.24,0.25,0.3,0.39,0.29,0.28,0.23,0.25,0.31,0.27,0.27,0.13,0.36
284,1,0,1,1,1,1,0.18,0.23,0.26,0.24,0.37,0.28,0.3,0.35,0.43,0.33,0.28,0.23,0.25,0.34,0.27,0.27,0.17,0.4
285,1,0,1,1,1,2,0.23,0.34,0.3,0.28,0.4,0.33,0.35,0.39,0.47,0.38,0.42,0.35,0.38,0.37,0.41,0.4,0.21,0.43
286,1,0,1,1,2,0,0.18,0.26,0.26,0.24,0.37,0.28,0.3,0.35,0.43,0.33,0.33,0.27,0.29,0.34,0.32,0.31,0.17,0.4
287,1,0,1,1,2,1,0.23,0.26,0.3,0.28,0.4,0.33,0.35,0.39,0.47,0.38,0.33,0.27,0.29,0.37,0.32,0.31,0.21,0.43
288,1,0,1,1,2,2,0.27,0.38,0.35,0.32,0.43,0.38,0.4,0.43,0.51,0.42,0.47,0.39,0.42,0.4,0.46,0.44,0.26,0.47
289,1,0,1,2,0,0,0.18,0.19,0.26,0.24,0.33,0.28,0.3,0.26,0.39,0.25,0.24,0.19,0.21,0.31,0.23,0.22,0.17,0.36
290,1,0,1,2,0,1,0.23,0.19,0.3,0.28,0.37,0.33,0.35,0.3,0.43,0.29,0.24,0.19,0.21,0.34,0.23,0.22,0.21,0.4
291,1,0,1,2,0,2,0.27,0.3,0.35,0.32,0.4,0.38,0.4,0.35,0.47,0.33,0.38,0.31,0.33,0.37,0.36,0.36,0.26,0.43
292,1,0,1,2,1,0,0.27,0.26,0.35,0.32,0.37,0.38,0.4,0.35,0.43,0.33,0.33,0.27,0.29,0.34,0.32,0.31,0.26,0.4
293,1,0,1,2,1,1,0.32,0.26,0.39,0.36,0.4,0.42,0.45,0.39,0.47,0.38,0.33,0.27,0.29,0.37,0.32,0.31,0.3,0.43
294,1,0,1,2,1,2,0.36,0.38,0.43,0.41,0.43,0.47,0.5,0.43,0.51,0.42,0.47,0.39,0.42,0.4,0.46,0.44,0.34,0.47
295,1,0,1,2,2,0,0.32,0.3,0.39,0.36,0.4,0.42,0.45,0.39,0.47,0.38,0.38,0.31,0.33,0.37,0.36,0.36,0.3,0.43
296,1,0,1,2,2,1,0.36,0.3,0.43,0.41,0.43,0.47,0.5,0.43,0.51,0.42,0.38,0.31,0.33,0.4,0.36,0.36,0.34,0.47
297,1,0,1,2,2,2,0.41,0.42,0.48,0.45,0.47,0.52,0.55,0.48,0.54,0.46,0.52,0.43,0.46,0.43,0.5,0.49,0.39,0.51
298,1,0,2,0,0,0,0.18,0.23,0.26,0.24,0.3,0.28,0.3,0.26,0.35,0.25,0.28,0.23,0.25,0.28,0.27,0.27,0.17,0.33
299,1,0,2,0,0,1,0.23,0.23,0.3,0.28,0.33,0.33,0.35,0.3,0.39,0.29,0.28,0.23,0.25,0.31,0.27,0.27,0.21,0.36
300,1,0,2,0,0,2,0.27,0.34,0.35,0.32,0.37,0.38,0.4,0.35,0.43,0.33,0.42,0.35,0.38,0.34,0.41,0.4,0.26,0.4
301,1,0,2,0,1,0,0.27,0.3,0.35,0.32,0.33,0.38,0.4,0.35,0.39,0.33,0.38,0.31,0.33,0.31,0.36,0.36,0.26,0.36
302,1,0,2,0,1,1,0.32,0.3,0.39,0.36,0.37,0.42,0.45,0.39,0.43,0.38,0.38,0.31,0.33,0.34,0.36,0.36,0.3,0.4
303,1,0,2,0,1,2,0.36,0.42,0.43,0.41,0.4,0.47,0.5,0.43,0.47,0.42,0.52,0.43,0.46,0.37,0.5,0.49,0.34,0.43
304,1,0,2,0,2,0,0.32,0.34,0.39,0.36,0.37,0.42,0.45,0.39,0.43,0.38,0.42,0.35,0.38,0.34,0.41,0.4,0.3,0.4
305,1,0,2,0,2,1,0.36,0.34,0.43,0.41,0.4,0.47,0.5,0.43,0.47,0.42,0.42,0.35,0.38,0.37,0.41,0.4,0.34,0.43
306,1,0,2,0,2,2,0.41,0.45,0.48,0.45,0.43,0.52,0.55,0.48,0.51,0.46,0.57,0.47,0.5,0.4,0.55,0.53,0.39,0.47
307,1,0,2,1,0,0,0.18,0.26,0.26,0.24,0.33,0.28,0.3,0.35,0.39,0.33,0.33,0.27,0.29,0.31,0.32,0.31,0.17,0.36
308,1,0,2,1,0,1,0.23,0.26,0.3,0.28,0.37,0.33,0.35,0.39,0.43,0.38,0.33,0.27,0.29,0.34,0.32,0.31,0.21,0.4
309,1,0,2,1,0,2,0.27,0.38,0.35,0.32,0.4,0.38,0.4,0.43,0.47,0.42,0.47,0.39,0.42,0.37,0.46,0.44,0.26,0.43
310,1,0,2,1,1,0,0.27,0.34,0.35,0.32,0.37,0.38,0.4,0.43,0.43,0.42,0.42,0.35,0.38,0.34,0.41,0.4,0.26,0.4
311,1,0,2,1,1,1,0.32,0.34,0.39,0.36,0.4,0.42,0.45,0.48,0.47,0.46,0.42,0.35,0.38,0.37,0.41,0.4,0.3,0.43
312,1,0,2,1,1,2,0.36,0.45,0.43,0.41,0.43,0.47,0.5,0.52,0.51,0.5,0.57,0.47,0.5,0.4,0.55,0.53,0.34,0.47
313,1,0,2,1,2,0,0.32,0.38,0.39,0.36,0.4,0.42,0.45,0.48,0.47,0.46,0.47,0.39,0.42,0.37,0.46,0.44,0.3,0.43
314,1,0,2,1,2,1,0.36,0.38,0.43,0.41,0.43,0.47,0.5,0.52,0.51,0.5,0.47,0.39,0.42,0.4,0.46,0.44,0.34,0.47
315,1,0,2,1,2,2,0.41,0.49,0.48,0.45,0.47,0.52,0.55,0.56,0.54,0.54,0.61,0.51,0.54,0.43,0.59,0.58,0.39,0.51
316,1,0,2,2,0,0,0.32,0.3,0.39,0.36,0.37,0.42,0.45,0.39,0.43,0.38,0.38,0.31,0.33,0.34,0.36,0.36,0.3,0.4
317,1,0,2,2,0,1,0.36,0.3,0.43,0.41,0.4,0.47,0.5,0.43,0.47,0.42,0.38,0.31,0.33,0.37,0.36,0.36,0.34,0.43
318,1,0,2,2,0,2,0.41,0.42,0.48,0.45,0.43,0.52,0.55,0.48,0.51,0.46,0.52,0.43,0.46,0.4,0.5,0.49,0.39,0.47
319,1,0,2,2,1,0,0.41,0.38,0.48,0.45,0.4,0.52,0.55,0.48,0.47,0.46,0.47,0.39,0.42,0.37,0.46,0.44,0.39,0.43
320,1,0,2,2,1,1,0.46,0.38,0.52,0.49,0.43,0.57,0.6,0.52,0.51,0.5,0.47,0.39,0.42,0.4,0.46,0.44,0.43,0.47
321,1,0,2,2,1,2,0.5,0.49,0.56,0.53,0.47,0.61,0.65,0.56,0.54,0.54,0.61,0.51,0.54,0.43,0.59,0.58,0.47,0.51
322,1,0,2,2,2,0,0.46,0.42,0.52,0.49,0.43,0.57,0.6,0.52,0.51,0.5,0.52,0.43,0.46,0.4,0.5,0.49,0.43,0.47
323,1,0,2,2,2,1,0.5,0.42,0.56,0.53,0.47,0.61,0.65,0.56,0.54,0.54,0.52,0.43,0.46,0.43,0.5,0.49,0.47,0.51
324,1,0,2,2,2,2,0.55,0.53,0.61,0.57,0.5,0.66,0.7,0.61,0.58,0.58,0.66,0.54,0.58,0.46,0.64,0.62,0.51,0.54
325,1,1,0,0,0,0,0.14,0.19,0.22,0.2,0.27,0.24,0.25,0.22,0.31,0.21,0.24,0.19,0.21,0.24,0.23,0.22,0.13,0.29
326,1,1,0,0,0,1,0.18,0.19,0.26,0.24,0.3,0.28,0.3,0.26,0.35,0.25,0.24,0.19,0.21,0.28,0.23,0.22,0.17,0.33
327,1,1,0,0,0,2,0.23,0.3,0.3,0.28,0.33,0.33,0.35,0.3,0.39,0.29,0.38,0.31,0.33,0.31,0.36,0.36,0.21,0.36
328,1,1,0,0,1,0,0.23,0.26,0.3,0.28,0.3,0.33,0.35,0.3,0.35,0.29,0.33,0.27,0.29,0.28,0.32,0.31,0.21,0.33
329,1,1,0,0,1,1,0.27,0.26,0.35,0.32,0.33,0.38,0.4,0.35,0.39,0.33,0.33,0.27,0.29,0.31,0.32,0.31,0.26,0.36
330,1,1,0,0,1,2,0.32,0.38,0.39,0.36,0.37,0.42,0.45,0.39,0.43,0.38,0.47,0.39,0.42,0.34,0.46,0.44,0.3,0.4
331,1,1,0,0,2,0,0.27,0.3,0.35,0.32,0.33,0.38,0.4,0.35,0.39,0.33,0.38,0.31,0.33,0.31,0.36,0.36,0.26,0.36
332,1,1,0,0,2,1,0.32,0.3,0.39,0.36,0.37,0.42,0.45,0.39,0.43,0.38,0.38,0.31,0.33,0.34,0.36,0.36,0.3,0.4
333,1,1,0,0,2,2,0.36,0.42,0.43,0.41,0.4,0.47,0.5,0.43,0.47,0.42,0.52,0.43,0.46,0.37,0.5,0.49,0.34,0.43
334,1,1,0,1,0,0,0.14,0.23,0.22,0.2,0.3,0.24,0.25,0.3,0.35,0.29,0.28,0.23,0.25,0.28,0.27,0.27,0.13,0.33
335,1,1,0,1,0,1,0.18,0.23,0.26,0.24,0.33,0.28,0.3,0.35,0.39,0.33,0.28,0.23,0.25,0.31,0.27,0.27,0.17,0.36
336,1,1,0,1,0,2,0.23,0.34,0.3,0.28,0.37,0.33,0.35,0.39,0.43,0.38,0.42,0.35,0.38,0.34,0.41,0.4,0.21,0.4
337,1,1,0,1,1,0,0.23,0.3,0.3,0.28,0.33,0.33,0.35,0.39,0.39,0.38,0.38,0.31,0.33,0.31,0.36,0.36,0.21,0.36
338,1,1,0,1,1,1,0.27,0.3,0.35,0.32,0.37,0.38,0.4,0.43,0.43,0.42,0.38,0.31,0.33,0.34,0.36,0.36,0.26,0.4
339,1,1,0,1,1,2,0.32,0.42,0.39,0.36,0.4,0.42,0.45,0.48,0.47,0.46,0.52,0.43,0.46,0.37,0.5,0.49,0.3,0.43
340,1,1,0,1,2,0,0.27,0.34,0.35,0.32,0.37,0.38,0.4,0.43,0.43,0.42,0.42,0.35,0.38,0.34,0.41,0.4,0.26,0.4
341,1,1,0,1,2,1,0.32,0.34,0.39,0.36,0.4,0.42,0.45,0.48,0.47,0.46,0.42,0.35,0.38,0.37,0.41,0.4,0.3,0.43
342,1,1,0,1,2,2,0.36,0.45,0.43,0.41,0.43,0.47,0.5,0.52,0.51,0.5,0.57,0.47,0.5,0.4,0.55,0.53,0.34,0.47
343,1,1,0,2,0,0,0.27,0.26,0.35,0.32,0.33,0.38,0.4,0.35,0.39,0.33,0.33,0.27,0.29,0.31,0.32,0.31,0.26,0.36
344,1,1,0,2,0,1,0.32,0.26,0.39,0.36,0.37,0.42,0.45,0.39,0.43,0.38,0.33,0.27,0.29,0.34,0.32,0.31,0.3,0.4
345,1,1,0,2,0,2,0.36,0.38,0.43,0.41,0.4,0.47,0.5,0.43,0.47,0.42,0.47,0.39,0.42,0.37,0.46,0.44,0.34,0.43
346,1,1,0,2,1,0,0.36,0.34,0.43,0.41,0.37,0.47,0.5,0.43,0.43,0.42,0.42,0.35,0.38,0.34,0.41,0.4,0.34,0.4
347,1,1,0,2,1,1,0.41,0.34,0.48,0.45,0.4,0.52,0.55,0.48,0.47,0.46,0.42,0.35,0.38,0.37,0.41,0.4,0.39,0.43
348,1,1,0,2,1,2,0.46,0.45,0.52,0.49,0.43,0.57,0.6,0.52,0.51,0.5,0.57,0.47,0.5,0.4,0.55,0.53,0.43,0.47
349,1,1,0,2,2,0,0.41,0.38,0.48,0.45,0.4,0.52,0.55,0.48,0.47,0.46,0.47,0.39,0.42,0.37,0.46,0.44,0.39,0.43
350,1,1,0,2,2,1,0.46,0.38,0.52,0.49,0.43,0.57,0.6,0.52,0.51,0.5,0.47,0.39,0.42,0.4,0.46,0.44,0.43,0.47
351,1,1,0,2,2,2,0.5,0.49,0.56,0.53,0.47,0.61,0.65,0.56,0.54,0.54,0.61,0.51,0.54,0.43,0.59,0.58,0.47,0.51
352,1,1,1,0,0,0,0.14,0.19,0.22,0.2,0.3,0.24,0.25,0.22,0.35,0.21,0.24,0.19,0.21,0.28,0.23,0.22,0.13,0.33
353,1,1,1,0,0,1,0.18,0.19,0.26,0.24,0.33,0.28,0.3,0.26,0.39,0.25,0.24,0.19,0.21,0.31,0.23,0.22,0.17,0.36
354,1,1,1,0,0,2,0.23,0.3,0.3,0.28,0.37,0.33,0.35,0.3,0.43,0.29,0.38,0.31,0.33,0.34,0.36,0.36,0.21,0.4
355,1,1,1,0,1,0,0.23,0.26,0.3,0.28,0.33,0.33,0.35,0.3,0.39,0.29,0.33,0.27,0.29,0.31,0.32,0.31,0.21,0.36
356,1,1,1,0,1,1,0.27,0.26,0.35,0.32,0.37,0.38,0.4,0.35,0.43,0.33,0.33,0.27,0.29,0.34,0.32,0.31,0.26,0.4
357,1,1,1,0,1,2,0.32,0.38,0.39,0.36,0.4,0.42,0.45,0.39,0.47,0.38,0.47,0.39,0.42,0.37,0.46,0.44,0.3,0.43
358,1,1,1,0,2,0,0.27,0.3,0.35,0.32,0.37,0.38,0.4,0.35,0.43,0.33,0.38,0.31,0.33,0.34,0.36,0.36,0.26,0.4
359,1,1,1,0,2,1,0.32,0.3,0.39,0.36,0.4,0.42,0.45,0.39,0.47,0.38,0.38,0.31,0.33,0.37,0.36,0.36,0.3,0.43
360,1,1,1,0,2,2,0.36,0.42,0.43,0.41,0.43,0.47,0.5,0.43,0.51,0.42,0.52,0.43,0.46,0.4,0.5,0.49,0.34,0.47
361,1,1,1,1,0,0,0.14,0.23,0.22,0.2,0.33,0.24,0.25,0.3,0.39,0.29,0.28,0.23,0.25,0.31,0.27,0.27,0.13,0.36
362,1,1,1,1,0,1,0.18,0.23,0.26,0.24,0.37,0.28,0.3,0.35,0.43,0.33,0.28,0.23,0.25,0.34,0.27,0.27,0.17,0.4
363,1,1,1,1,0,2,0.23,0.34,0.3,0.28,0.4,0.33,0.35,0.39,0.47,0.38,0.42,0.35,0.38,0.37,0.41,0.4,0.21,0.43
364,1,1,1,1,1,0,0.23,0.3,0.3,0.28,0.37,0.33,0.35,0.39,0.43,0.38,0.38,0.31,0.33,0.34,0.36,0.36,0.21,0.4
365,1,1,1,1,1,1,0.27,0.3,0.35,0.32,0.4,0.38,0.4,0.43,0.47,0.42,0.38,0.31,0.33,0.37,0.36,0.36,0.26,0.43
366,1,1,1,1,1,2,0.32,0.42,0.39,0.36,0.43,0.42,0.45,0.48,0.51,0.46,0.52,0.43,0.46,0.4,0.5,0.49,0.3,0.47
367,1,1,1,1,2,0,0.27,0.34,0.35,0.32,0.4,0.38,0.4,0.43,0.47,0.42,0.42,0.35,0.38,0.37,0.41,0.4,0.26,0.43
368,1,1,1,1,2,1,0.32,0.34,0.39,0.36,0.43,0.42,0.45,0.48,0.51,0.46,0.42,0.35,0.38,0.4,0.41,0.4,0.3,0.47
369,1,1,1,1,2,2,0.36,0.45,0.43,0.41,0.47,0.47,0.5,0.52,0.54,0.5,0.57,0.47,0.5,0.43,0.55,0.53,0.34,0.51
370,1,1,1,2,0,0,0.27,0.26,0.35,0.32,0.37,0.38,0.4,0.35,0.43,0.33,0.33,0.27,0.29,0.34,0.32,0.31,0.26,0.4
371,1,1,1,2,0,1,0.32,0.26,0.39,0.36,0.4,0.42,0.45,0.39,0.47,0.38,0.33,0.27,0.29,0.37,0.32,0.31,0.3,0.43
372,1,1,1,2,0,2,0.36,0.38,0.43,0.41,0.43,0.47,0.5,0.43,0.51,0.42,0.47,0.39,0.42,0.4,0.46,0.44,0.34,0.47
373,1,1,1,2,1,0,0.36,0.34,0.43,0.41,0.4,0.47,0.5,0.43,0.47,0.42,0.42,0.35,0.38,0.37,0.41,0.4,0.34,0.43
374,1,1,1,2,1,1,0.41,0.34,0.48,0.45,0.43,0.52,0.55,0.48,0.51,0.46,0.42,0.35,0.38,0.4,0.41,0.4,0.39,0.47
375,1,1,1,2,1,2,0.46,0.45,0.52,0.49,0.47,0.57,0.6,0.52,0.54,0.5,0.57,0.47,0.5,0.43,0.55,0.53,0.43,0.51
376,1,1,1,2,2,0,0.41,0.38,0.48,0.45,0.43,0.52,0.55,0.48,0.51,0.46,0.47,0.39,0.42,0.4,0.46,0.44,0.39,0.47
377,1,1,1,2,2,1,0.46,0.38,0.52,0.49,0.47,0.57,0.6,0.52,0.54,0.5,0.47,0.39,0.42,0.43,0.46,0.44,0.43,0.51
378,1,1,1,2,2,2,0.5,0.49,0.56,0.53,0.5,0.61,0.65,0.56,0.58,0.54,0.61,0.51,0.54,0.46,0.59,0.58,0.47,0.54
379,1,1,2,0,0,0,0.27,0.3,0.35,0.32,0.33,0.38,0.4,0.35,0.39,0.33,0.38,0.31,0.33,0.31,0.36,0.36,0.26,0.36
380,1,1,2,0,0,1,0.32,0.3,0.39,0.36,0.37,0.42,0.45,0.39,0.43,0.38,0.38,0.31,0.33,0.34,0.36,0.36,0.3,0.4
381,1,1,2,0,0,2,0.36,0.42,0.43,0.41,0.4,0.47,0.5,0.43,0.47,0.42,0.52,0.43,0.46,0.37,0.5,0.49,0.34,0.43
382,1,1,2,0,1,0,0.36,0.38,0.43,0.41,0.37,0.47,0.5,0.43,0.43,0.42,0.47,0.39,0.42,0.34,0.46,0.44,0.34,0.4
383,1,1,2,0,1,1,0.41,0.38,0.48,0.45,0.4,0.52,0.55,0.48,0.47,0.46,0.47,0.39,0.42,0.37,0.46,0.44,0.39,0.43
384,1,1,2,0,1,2,0.46,0.49,0.52,0.49,0.43,0.57,0.6,0.52,0.51,0.5,0.61,0.51,0.54,0.4,0.59,0.58,0.43,0.47
385,1,1,2,0,2,0,0.41,0.42,0.48,0.45,0.4,0.52,0.55,0.48,0.47,0.46,0.52,0.43,0.46,0.37,0.5,0.49,0.39,0.43
386,1,1,2,0,2,1,0.46,0.42,0.52,0.49,0.43,0.57,0.6,0.52,0.51,0.5,0.52,0.43,0.46,0.4,0.5,0.49,0.43,0.47
387,1,1,2,0,2,2,0.5,0.53,0.56,0.53,0.47,0.61,0.65,0.56,0.54,0.54,0.66,0.54,0.58,0.43,0.64,0.62,0.47,0.51
388,1,1,2,1,0,0,0.27,0.34,0.35,0.32,0.37,0.38,0.4,0.43,0.43,0.42,0.42,0.35,0.38,0.34,0.41,0.4,0.26,0.4
389,1,1,2,1,0,1,0.32,0.34,0.39,0.36,0.4,0.42,0.45,0.48,0.47,0.46,0.42,0.35,0.38,0.37,0.41,0.4,0.3,0.43
390,1,1,2,1,0,2,0.36,0.45,0.43,0.41,0.43,0.47,0.5,0.52,0.51,0.5,0.57,0.47,0.5,0.4,0.55,0.53,0.34,0.47
391,1,1,2,1,1,0,0.36,0.42,0.43,0.41,0.4,0.47,0.5,0.52,0.47,0.5,0.52,0.43,0.46,0.37,0.5,0.49,0.34,0.43
392,1,1,2,1,1,1,0.41,0.42,0.48,0.45,0.43,0.52,0.55,0.56,0.51,0.54,0.52,0.43,0.46,0.4,0.5,0.49,0.39,0.47
393,1,1,2,1,1,2,0.46,0.53,0.52,0.49,0.47,0.57,0.6,0.61,0.54,0.58,0.66,0.54,0.58,0.43,0.64,0.62,0.43,0.51
394,1,1,2,1,2,0,0.41,0.45,0.48,0.45,0.43,0.52,0.55,0.56,0.51,0.54,0.57,0.47,0.5,0.4,0.55,0.53,0.39,0.47
395,1,1,2,1,2,1,0.46,0.45,0.52,0.49,0.47,0.57,0.6,0.61,0.54,0.58,0.57,0.47,0.5,0.43,0.55,0.53,0.43,0.51
396,1,1,2,1,2,2,0.5,0.57,0.56,0.53,0.5,0.61,0.65,0.65,0.58,0.63,0.71,0.58,0.63,0.46,0.68,0.67,0.47,0.54
397,1,1,2,2,0,0,0.41,0.38,0.48,0.45,0.4,0.52,0.55,0.48,0.47,0.46,0.47,0.39,0.42,0.37,0.46,0.44,0.39,0.43
398,1,1,2,2,0,1,0.46,0.38,0.52,0.49,0.43,0.57,0.6,0.52,0.51,0.5,0.47,0.39,0.42,0.4,0.46,0.44,0.43,0.47
399,1,1,2,2,0,2,0.5,0.49,0.56,0.53,0.47,0.61,0.65,0.56,0.54,0.54,0.61,0.51,0.54,0.43,0.59,0.58,0.47,0.51
400,1,1,2,2,1,0,0.5,0.45,0.56,0.53,0.43,0.61,0.65,0.56,0.51,0.54,0.57,0.47,0.5,0.4,0.55,0.53,0.47,0.47
401,1,1,2,2,1,1,0.55,0.45,0.61,0.57,0.47,0.66,0.7,0.61,0.54,0.58,0.57,0.47,0.5,0.43,0.55,0.53,0.51,0.51
402,1,1,2,2,1,2,0.59,0.57,0.65,0.61,0.5,0.71,0.75,0.65,0.58,0.63,0.71,0.58,0.63,0.46,0.68,0.67,0.56,0.54
403,1,1,2,2,2,0,0.55,0.49,0.61,0.57,0.47,0.66,0.7,0.61,0.54,0.58,0.61,0.51,0.54,0.43,0.59,0.58,0.51,0.51
404,1,1,2,2,2,1,0.59,0.49,0.65,0.61,0.5,0.71,0.75,0.65,0.58,0.63,0.61,0.51,0.54,0.46,0.59,0.58,0.56,0.54
405,1,1,2,2,2,2,0.64,0.6,0.69,0.65,0.53,0.76,0.8,0.69,0.62,0.67,0.76,0.62,0.67,0.49,0.73,0.71,0.6,0.58
406,1,2,0,0,0,0,0.18,0.23,0.26,0.24,0.3,0.28,0.3,0.26,0.35,0.25,0.28,0.23,0.25,0.28,0.27,0.27,0.17,0.33
407,1,2,0,0,0,1,0.23,0.23,0.3,0.28,0.33,0.33,0.35,0.3,0.39,0.29,0.28,0.23,0.25,0.31,0.27,0.27,0.21,0.36
408,1,2,0,0,0,2,0.27,0.34,0.35,0.32,0.37,0.38,0.4,0.35,0.43,0.33,0.42,0.35,0.38,0.34,0.41,0.4,0.26,0.4
409,1,2,0,0,1,0,0.27,0.3,0.35,0.32,0.33,0.38,0.4,0.35,0.39,0.33,0.38,0.31,0.33,0.31,0.36,0.36,0.26,0.36
410,1,2,0,0,1,1,0.32,0.3,0.39,0.36,0.37,0.42,0.45,0.39,0.43,0.38,0.38,0.31,0.33,0.34,0.36,0.36,0.3,0.4
411,1,2,0,0,1,2,0.36,0.42,0.43,0.41,0.4,0.47,0.5,0.43,0.47,0.42,0.52,0.43,0.46,0.37,0.5,0.49,0.34,0.43
412,1,2,0,0,2,0,0.32,0.34,0.39,0.36,0.37,0.42,0.45,0.39,0.43,0.38,0.42,0.35,0.38,0.34,0.41,0.4,0.3,0.4
413,1,2,0,0,2,1,0.36,0.34,0.43,0.41,0.4,0.47,0.5,0.43,0.47,0.42,0.42,0.35,0.38,0.37,0.41,0.4,0.34,0.43
414,1,2,0,0,2,2,0.41,0.45,0.48,0.45,0.43,0.52,0.55,0.48,0.51,0.46,0.57,0.47,0.5,0.4,0.55,0.53,0.39,0.47
415,1,2,0,1,0,0,0.18,0.26,0.26,0.24,0.33,0.28,0.3,0.35,0.39,0.33,0.33,0.27,0.29,0.31,0.32,0.31,0.17,0.36
416,1,2,0,1,0,1,0.23,0.26,0.3,0.28,0.37,0.33,0.35,0.39,0.43,0.38,0.33,0.27,0.29,0.34,0.32,0.31,0.21,0.4
417,1,2,0,1,0,2,0.27,0.38,0.35,0.32,0.4,0.38,0.4,0.43,0.47,0.42,0.47,0.39,0.42,0.37,0.46,0.44,0.26,0.43
418,1,2,0,1,1,0,0.27,0.34,0.35,0.32,0.37,0.38,0.4,0.43,0.43,0.42,0.42,0.35,0.38,0.34,0.41,0.4,0.26,0.4
419,1,2,0,1,1,1,0.32,0.34,0.39,0.36,0.4,0.42,0.45,0.48,0.47,0.46,0.42,0.35,0.38,0.37,0.41,0.4,0.3,0.43
420,1,2,0,1,1,2,0.36,0.45,0.43,0.41,0.43,0.47,0.5,0.52,0.51,0.5,0.57,0.47,0.5,0.4,0.55,0.53,0.34,0.47
421,1,2,0,1,2,0,0.32,0.38,0.39,0.36,0.4,0.42,0.45,0.48,0.47,0.46,0.47,0.39,0.42,0.37,0.46,0.44,0.3,0.43
422,1,2,0,1,2,1,0.36,0.38,0.43,0.41,0.43,0.47,0.5,0.52,0.51,0.5,0.47,0.39,0.42,0.4,0.46,0.44,0.34,0.47
423,1,2,0,1,2,2,0.41,0.49,0.48,0.45,0.47,0.52,0.55,0.56,0.54,0.54,0.61,0.51,0.54,0.43,0.59,0.58,0.39,0.51
424,1,2,0,2,0,0,0.32,0.3,0.39,0.36,0.37,0.42,0.45,0.39,0.43,0.38,0.38,0.31,0.33,0.34,0.36,0.36,0.3,0.4
425,1,2,0,2,0,1,0.36,0.3,0.43,0.41,0.4,0.47,0.5,0.43,0.47,0.42,0.38,0.31,0.33,0.37,0.36,0.36,0.34,0.43
426,1,2,0,2,0,2,0.41,0.42,0.48,0.45,0.43,0.52,0.55,0.48,0.51,0.46,0.52,0.43,0.46,0.4,0.5,0.49,0.39,0.47
427,1,2,0,2,1,0,0.41,0.38,0.48,0.45,0.4,0.52,0.55,0.48,0.47,0.46,0.47,0.39,0.42,0.37,0.46,0.44,0.39,0.43
428,1,2,0,2,1,1,0.46,0.38,0.52,0.49,0.43,0.57,0.6,0.52,0.51,0.5,0.47,0.39,0.42,0.4,0.46,0.44,0.43,0.47
429,1,2,0,2,1,2,0.5,0.49,0.56,0.53,0.47,0.61,0.65,0.56,0.54,0.54,0.61,0.51,0.54,0.43,0.59,0.58,0.47,0.51
430,1,2,0,2,2,0,0.46,0.42,0.52,0.49,0.43,0.57,0.6,0.52,0.51,0.5,0.52,0.43,0.46,0.4,0.5,0.49,0.43,0.47
431,1,2,0,2,2,1,0.5,0.42,0.56,0.53,0.47,0.61,0.65,0.56,0.54,0.54,0.52,0.43,0.46,0.43,0.5,0.49,0.47,0.51
432,1,2,0,2,2,2,0.55,0.53,0.61,0.57,0.5,0.66,0.7,0.61,0.58,0.58,0.66,0.54,0.58,0.46,0.64,0.62,0.51,0.54
433,1,2,1,0,0,0,0.18,0.23,0.26,0.24,0.33,0.28,0.3,0.26,0.39,0.25,0.28,0.23,0.25,0.31,0.27,0.27,0.17,0.36
434,1,2,1,0,0,1,0.23,0.23,0.3,0.28,0.37,0.33,0.35,0.3,0.43,0.29,0.28,0.23,0.25,0.34,0.27,0.27,0.21,0.4
435,1,2,1,0,0,2,0.27,0.34,0.35,0.32,0.4,0.38,0.4,0.35,0.47,0.33,0.42,0.35,0.38,0.37,0.41,0.4,0.26,0.43
436,1,2,1,0,1,0,0.27,0.3,0.35,0.32,0.37,0.38,0.4,0.35,0.43,0.33,0.38,0.31,0.33,0.34,0.36,0.36,0.26,0.4
437,1,2,1,0,1,1,0.32,0.3,0.39,0.36,0.4,0.42,0.45,0.39,0.47,0.38,0.38,0.31,0.33,0.37,0.36,0.36,0.3,0.43
438,1,2,1,0,1,2,0.36,0.42,0.43,0.41,0.43,0.47,0.5,0.43,0.51,0.42,0.52,0.43,0.46,0.4,0.5,0.49,0.34,0.47
439,1,2,1,0,2,0,0.32,0.34,0.39,0.36,0.4,0.42,0.45,0.39,0.47,0.38,0.42,0.35,0.38,0.37,0.41,0.4,0.3,0.43
440,1,2,1,0,2,1,0.36,0.34,0.43,0.41,0.43,0.47,0.5,0.43,0.51,0.42,0.42,0.35,0.38,0.4,0.41,0.4,0.34,0.47
441,1,2,1,0,2,2,0.41,0.45,0.48,0.45,0.47,0.52,0.55,0.48,0.54,0.46,0.57,0.47,0.5,0.43,0.55,0.53,0.39,0.51
442,1,2,1,1,0,0,0.18,0.26,0.26,0.24,0.37,0.28,0.3,0.35,0.43,0.33,0.33,0.27,0.29,0.34,0.32,0.31,0.17,0.4
443,1,2,1,1,0,1,0.23,0.26,0.3,0.28,0.4,0.33,0.35,0.39,0.47,0.38,0.33,0.27,0.29,0.37,0.32,0.31,0.21,0.43
444,1,2,1,1,0,2,0.27,0.38,0.35,0.32,0.43,0.38,0.4,0.43,0.51,0.42,0.47,0.39,0.42,0.4,0.46,0.44,0.26,0.47
445,1,2,1,1,1,0,0.27,0.34,0.35,0.32,0.4,0.38,0.4,0.43,0.47,0.42,0.42,0.35,0.38,0.37,0.41,0.4,0.26,0.43
446,1,2,1,1,1,1,0.32,0.34,0.39,0.36,0.43,0.42,0.45,0.48,0.51,0.46,0.42,0.35,0.38,0.4,0.41,0.4,0.3,0.47
447,1,2,1,1,1,2,0.36,0.45,0.43,0.41,0.47,0.47,0.5,0.52,0.54,0.5,0.57,0.47,0.5,0.43,0.55,0.53,0.34,0.51
448,1,2,1,1,2,0,0.32,0.38,0.39,0.36,0.43,0.42,0.45,0.48,0.51,0.46,0.47,0.39,0.42,0.4,0.46,0.44,0.3,0.47
449,1,2,1,1,2,1,0.36,0.38,0.43,0.41,0.47,0.47,0.5,0.52,0.54,0.5,0.47,0.39,0.42,0.43,0.46,0.44,0.34,0.51
450,1,2,1,1,2,2,0.41,0.49,0.48,0.45,0.5,0.52,0.55,0.56,0.58,0.54,0.61,0.51,0.54,0.46,0.59,0.58,0.39,0.54
451,1,2,1,2,0,0,0.32,0.3,0.39,0.36,0.4,0.42,0.45,0.39,0.47,0.38,0.38,0.31,0.33,0.37,0.36,0.36,0.3,0.43
452,1,2,1,2,0,1,0.36,0.3,0.43,0.41,0.43,0.47,0.5,0.43,0.51,0.42,0.38,0.31,0.33,0.4,0.36,0.36,0.34,0.47
453,1,2,1,2,0,2,0.41,0.42,0.48,0.45,0.47,0.52,0.55,0.48,0.54,0.46,0.52,0.43,0.46,0.43,0.5,0.49,0.39,0.51
454,1,2,1,2,1,0,0.41,0.38,0.48,0.45,0.43,0.52,0.55,0.48,0.51,0.46,0.47,0.39,0.42,0.4,0.46,0.44,0.39,0.47
455,1,2,1,2,1,1,0.46,0.38,0.52,0.49,0.47,0.57,0.6,0.52,0.54,0.5,0.47,0.39,0.42,0.43,0.46,0.44,0.43,0.51
456,1,2,1,2,1,2,0.5,0.49,0.56,0.53,0.5,0.61,0.65,0.56,0.58,0.54,0.61,0.51,0.54,0.46,0.59,0.58,0.47,0.54
457,1,2,1,2,2,0,0.46,0.42,0.52,0.49,0.47,0.57,0.6,0.52,0.54,0.5,0.52,0.43,0.46,0.43,0.5,0.49,0.43,0.51
458,1,2,1,2,2,1,0.5,0.42,0.56,0.53,0.5,0.61,0.65,0.56,0.58,0.54,0.52,0.43,0.46,0.46,0.5,0.49,0.47,0.54
459,1,2,1,2,2,2,0.55,0.53,0.61,0.57,0.53,0.66,0.7,0.61,0.62,0.58,0.66,0.54,0.58,0.49,0.64,0.62,0.51,0.58
460,1,2,2,0,0,0,0.32,0.34,0.39,0.36,0.37,0.42,0.45,0.39,0.43,0.38,0.42,0.35,0.38,0.34,0.41,0.4,0.3,0.4
461,1,2,2,0,0,1,0.36,0.34,0.43,0.41,0.4,0.47,0.5,0.43,0.47,0.42,0.42,0.35,0.38,0.37,0.41,0.4,0.34,0.43
462,1,2,2,0,0,2,0.41,0.45,0.48,0.45,0.43,0.52,0.55,0.48,0.51,0.46,0.57,0.47,0.5,0.4,0.55,0.53,0.39,0.47
463,1,2,2,0,1,0,0.41,0.42,0.48,0.45,0.4,0.52,0.55,0.48,0.47,0.46,0.52,0.43,0.46,0.37,0.5,0.49,0.39,0.43
464,1,2,2,0,1,1,0.46,0.42,0.52,0.49,0.43,0.57,0.6,0.52,0.51,0.5,0.52,0.43,0.46,0.4,0.5,0.49,0.43,0.47
465,1,2,2,0,1,2,0.5,0.53,0.56,0.53,0.47,0.61,0.65,0.56,0.54,0.54,0.66,0.54,0.58,0.43,0.64,0.62,0.47,0.51
466,1,2,2,0,2,0,0.46,0.45,0.52,0.49,0.43,0.57,0.6,0.52,0.51,0.5,0.57,0.47,0.5,0.4,0.55,0.53,0.43,0.47
467,1,2,2,0,2,1,0.5,0.45,0.56,0.53,0.47,0.61,0.65,0.56,0.54,0.54,0.57,0.47,0.5,0.43,0.55,0.53,0.47,0.51
468,1,2,2,0,2,2,0.55,0.57,0.61,0.57,0.5,0.66,0.7,0.61,0.58,0.58,0.71,0.58,0.63,0.46,0.68,0.67,0.51,0.54
469,1,2,2,1,0,0,0.32,0.38,0.39,0.36,0.4,0.42,0.45,0.48,0.47,0.46,0.47,0.39,0.42,0.37,0.46,0.44,0.3,0.43
470,1,2,2,1,0,1,0.36,0.38,0.43,0.41,0.43,0.47,0.5,0.52,0.51,0.5,0.47,0.39,0.42,0.4,0.46,0.44,0.34,0.47
471,1,2,2,1,0,2,0.41,0.49,0.48,0.45,0.47,0.52,0.55,0.56,0.54,0.54,0.61,0.51,0.54,0.43,0.59,0.58,0.39,0.51
472,1,2,2,1,1,0,0.41,0.45,0.48,0.45,0.43,0.52,0.55,0.56,0.51,0.54,0.57,0.47,0.5,0.4,0.55,0.53,0.39,0.47
473,1,2,2,1,1,1,0.46,0.45,0.52,0.49,0.47,0.57,0.6,0.61,0.54,0.58,0.57,0.47,0.5,0.43,0.55,0.53,0.43,0.51
474,1,2,2,1,1,2,0.5,0.57,0.56,0.53,0.5,0.61,0.65,0.65,0.58,0.63,0.71,0.58,0.63,0.46,0.68,0.67,0.47,0.54
475,1,2,2,1,2,0,0.46,0.49,0.52,0.49,0.47,0.57,0.6,0.61,0.54,0.58,0.61,0.51,0.54,0.43,0.59,0.58,0.43,0.51
476,1,2,2,1,2,1,0.5,0.49,0.56,0.53,0.5,0.61,0.65,0.65,0.58,0.63,0.61,0.51,0.54,0.46,0.59,0.58,0.47,0.54
477,1,2,2,1,2,2,0.55,0.6,0.61,0.57,0.53,0.66,0.7,0.69,0.62,0.67,0.76,0.62,0.67,0.49,0.73,0.71,0.51,0.58
478,1,2,2,2,0,0,0.46,0.42,0.52,0.49,0.43,0.57,0.6,0.52,0.51,0.5,0.52,0.43,0.46,0.4,0.5,0.49,0.43,0.47
479,1,2,2,2,0,1,0.5,0.42,0.56,0.53,0.47,0.61,0.65,0.56,0.54,0.54,0.52,0.43,0.46,0.43,0.5,0.49,0.47,0.51
480,1,2,2,2,0,2,0.55,0.53,0.61,0.57,0.5,0.66,0.7,0.61,0.58,0.58,0.66,0.54,0.58,0.46,0.64,0.62,0.51,0.54
481,1,2,2,2,1,0,0.55,0.49,0.61,0.57,0.47,0.66,0.7,0.61,0.54,0.58,0.61,0.51,0.54,0.43,0.59,0.58,0.51,0.51
482,1,2,2,2,1,1,0.59,0.49,0.65,0.61,0.5,0.71,0.75,0.65,0.58,0.62,0.61,0.51,0.54,0.46,0.59,0.58,0.56,0.54
483,1,2,2,2,1,2,0.64,0.6,0.69,0.65,0.53,0.76,0.8,0.69,0.62,0.67,0.76,0.62,0.67,0.49,0.73,0.71,0.6,0.58
484,1,2,2,2,2,0,0.59,0.53,0.65,0.61,0.5,0.71,0.75,0.65,0.58,0.63,0.66,0.54,0.58,0.46,0.64,0.62,0.56,0.54
485,1,2,2,2,2,1,0.64,0.53,0.69,0.65,0.53,0.76,0.8,0.69,0.62,0.67,0.66,0.54,0.58,0.49,0.64,0.62,0.6,0.58
486,1,2,2,2,2,2,0.68,0.64,0.74,0.69,0.57,0.8,0.85,0.74,0.66,0.71,0.8,0.66,0.71,0.52,0.77,0.76,0.64,0.61
487,2,0,0,0,0,0,0.18,0.15,0.17,0.16,0.27,0.19,0.2,0.17,0.31,0.17,0.19,0.16,0.17,0.24,0.18,0.18,0.17,0.29
488,2,0,0,0,0,1,0.23,0.15,0.22,0.2,0.3,0.24,0.25,0.22,0.35,0.21,0.19,0.16,0.17,0.28,0.18,0.18,0.21,0.33
489,2,0,0,0,0,2,0.27,0.26,0.26,0.24,0.33,0.28,0.3,0.26,0.39,0.25,0.33,0.27,0.29,0.31,0.32,0.31,0.26,0.36
490,2,0,0,0,1,0,0.27,0.23,0.26,0.24,0.3,0.28,0.3,0.26,0.35,0.25,0.28,0.23,0.25,0.28,0.27,0.27,0.26,0.33
491,2,0,0,0,1,1,0.32,0.23,0.3,0.28,0.33,0.33,0.35,0.3,0.39,0.29,0.28,0.23,0.25,0.31,0.27,0.27,0.3,0.36
492,2,0,0,0,1,2,0.36,0.34,0.35,0.32,0.37,0.38,0.4,0.35,0.43,0.33,0.42,0.35,0.38,0.34,0.41,0.4,0.34,0.4
493,2,0,0,0,2,0,0.32,0.26,0.3,0.28,0.33,0.33,0.35,0.3,0.39,0.29,0.33,0.27,0.29,0.31,0.32,0.31,0.3,0.36
494,2,0,0,0,2,1,0.36,0.26,0.35,0.32,0.37,0.38,0.4,0.35,0.43,0.33,0.33,0.27,0.29,0.34,0.32,0.31,0.34,0.4
495,2,0,0,0,2,2,0.41,0.38,0.39,0.36,0.4,0.42,0.45,0.39,0.47,0.38,0.47,0.39,0.42,0.37,0.46,0.44,0.39,0.43
496,2,0,0,1,0,0,0.18,0.19,0.17,0.16,0.3,0.19,0.2,0.26,0.35,0.25,0.24,0.19,0.21,0.28,0.23,0.22,0.17,0.33
497,2,0,0,1,0,1,0.23,0.19,0.22,0.2,0.33,0.24,0.25,0.3,0.39,0.29,0.24,0.19,0.21,0.31,0.23,0.22,0.21,0.36
498,2,0,0,1,0,2,0.27,0.3,0.26,0.24,0.37,0.28,0.3,0.35,0.43,0.33,0.38,0.31,0.33,0.34,0.36,0.36,0.26,0.4
499,2,0,0,1,1,0,0.27,0.26,0.26,0.24,0.33,0.28,0.3,0.35,0.39,0.33,0.33,0.27,0.29,0.31,0.32,0.31,0.26,0.36
500,2,0,0,1,1,1,0.32,0.26,0.3,0.28,0.37,0.33,0.35,0.39,0.43,0.38,0.33,0.27,0.29,0.34,0.32,0.31,0.3,0.4
501,2,0,0,1,1,2,0.36,0.38,0.35,0.32,0.4,0.38,0.4,0.43,0.47,0.42,0.47,0.39,0.42,0.37,0.46,0.44,0.34,0.43
502,2,0,0,1,2,0,0.32,0.3,0.3,0.28,0.37,0.33,0.35,0.39,0.43,0.38,0.38,0.31,0.33,0.34,0.36,0.36,0.3,0.4
503,2,0,0,1,2,1,0.36,0.3,0.35,0.32,0.4,0.38,0.4,0.43,0.47,0.42,0.38,0.31,0.33,0.37,0.36,0.36,0.34,0.43
504,2,0,0,1,2,2,0.41,0.42,0.39,0.36,0.43,0.42,0.45,0.48,0.51,0.46,0.52,0.43,0.46,0.4,0.5,0.49,0.39,0.47
505,2,0,0,2,0,0,0.32,0.23,0.3,0.28,0.33,0.33,0.35,0.3,0.39,0.29,0.28,0.23,0.25,0.31,0.27,0.27,0.3,0.36
506,2,0,0,2,0,1,0.36,0.23,0.35,0.32,0.37,0.38,0.4,0.35,0.43,0.33,0.28,0.23,0.25,0.34,0.27,0.27,0.34,0.4
507,2,0,0,2,0,2,0.41,0.34,0.39,0.36,0.4,0.42,0.45,0.39,0.47,0.38,0.42,0.35,0.38,0.37,0.41,0.4,0.39,0.43
508,2,0,0,2,1,0,0.41,0.3,0.39,0.36,0.37,0.42,0.45,0.39,0.43,0.38,0.38,0.31,0.33,0.34,0.36,0.36,0.39,0.4
509,2,0,0,2,1,1,0.46,0.3,0.43,0.41,0.4,0.47,0.5,0.43,0.47,0.42,0.38,0.31,0.33,0.37,0.36,0.36,0.43,0.43
510,2,0,0,2,1,2,0.5,0.42,0.48,0.45,0.43,0.52,0.55,0.48,0.51,0.46,0.52,0.43,0.46,0.4,0.5,0.49,0.47,0.47
511,2,0,0,2,2,0,0.46,0.34,0.43,0.41,0.4,0.47,0.5,0.43,0.47,0.42,0.42,0.35,0.38,0.37,0.41,0.4,0.43,0.43
512,2,0,0,2,2,1,0.5,0.34,0.48,0.45,0.43,0.52,0.55,0.48,0.51,0.46,0.42,0.35,0.38,0.4,0.41,0.4,0.47,0.47
513,2,0,0,2,2,2,0.55,0.45,0.52,0.49,0.47,0.57,0.6,0.52,0.54,0.5,0.57,0.47,0.5,0.43,0.55,0.53,0.51,0.51
514,2,0,1,0,0,0,0.18,0.15,0.17,0.16,0.3,0.19,0.2,0.17,0.35,0.17,0.19,0.16,0.17,0.28,0.18,0.18,0.17,0.33
515,2,0,1,0,0,1,0.23,0.15,0.22,0.2,0.33,0.24,0.25,0.22,0.39,0.21,0.19,0.16,0.17,0.31,0.18,0.18,0.21,0.36
516,2,0,1,0,0,2,0.27,0.26,0.26,0.24,0.37,0.28,0.3,0.26,0.43,0.25,0.33,0.27,0.29,0.34,0.32,0.31,0.26,0.4
517,2,0,1,0,1,0,0.27,0.23,0.26,0.24,0.33,0.28,0.3,0.26,0.39,0.25,0.28,0.23,0.25,0.31,0.27,0.27,0.26,0.36
518,2,0,1,0,1,1,0.32,0.23,0.3,0.28,0.37,0.33,0.35,0.3,0.43,0.29,0.28,0.23,0.25,0.34,0.27,0.27,0.3,0.4
519,2,0,1,0,1,2,0.36,0.34,0.35,0.32,0.4,0.38,0.4,0.35,0.47,0.33,0.42,0.35,0.38,0.37,0.41,0.4,0.34,0.43
520,2,0,1,0,2,0,0.32,0.26,0.3,0.28,0.37,0.33,0.35,0.3,0.43,0.29,0.33,0.27,0.29,0.34,0.32,0.31,0.3,0.4
521,2,0,1,0,2,1,0.36,0.26,0.35,0.32,0.4,0.38,0.4,0.35,0.47,0.33,0.33,0.27,0.29,0.37,0.32,0.31,0.34,0.43
522,2,0,1,0,2,2,0.41,0.38,0.39,0.36,0.43,0.42,0.45,0.39,0.51,0.38,0.47,0.39,0.42,0.4,0.46,0.44,0.39,0.47
523,2,0,1,1,0,0,0.18,0.19,0.17,0.16,0.33,0.19,0.2,0.26,0.39,0.25,0.24,0.19,0.21,0.31,0.23,0.22,0.17,0.36
524,2,0,1,1,0,1,0.23,0.19,0.22,0.2,0.37,0.24,0.25,0.3,0.43,0.29,0.24,0.19,0.21,0.34,0.23,0.22,0.21,0.4
525,2,0,1,1,0,2,0.27,0.3,0.26,0.24,0.4,0.28,0.3,0.35,0.47,0.33,0.38,0.31,0.33,0.37,0.36,0.36,0.26,0.43
526,2,0,1,1,1,0,0.27,0.26,0.26,0.24,0.37,0.28,0.3,0.35,0.43,0.33,0.33,0.27,0.29,0.34,0.32,0.31,0.26,0.4
527,2,0,1,1,1,1,0.32,0.26,0.3,0.28,0.4,0.33,0.35,0.39,0.47,0.38,0.33,0.27,0.29,0.37,0.32,0.31,0.3,0.43
528,2,0,1,1,1,2,0.36,0.38,0.35,0.32,0.43,0.38,0.4,0.43,0.51,0.42,0.47,0.39,0.42,0.4,0.46,0.44,0.34,0.47
529,2,0,1,1,2,0,0.32,0.3,0.3,0.28,0.4,0.33,0.35,0.39,0.47,0.38,0.38,0.31,0.33,0.37,0.36,0.36,0.3,0.43
530,2,0,1,1,2,1,0.36,0.3,0.35,0.32,0.43,0.38,0.4,0.43,0.51,0.42,0.38,0.31,0.33,0.4,0.36,0.36,0.34,0.47
531,2,0,1,1,2,2,0.41,0.42,0.39,0.36,0.47,0.42,0.45,0.48,0.54,0.46,0.52,0.43,0.46,0.43,0.5,0.49,0.39,0.51
532,2,0,1,2,0,0,0.32,0.23,0.3,0.28,0.37,0.33,0.35,0.3,0.43,0.29,0.28,0.23,0.25,0.34,0.27,0.27,0.3,0.4
533,2,0,1,2,0,1,0.36,0.23,0.35,0.32,0.4,0.38,0.4,0.35,0.47,0.33,0.28,0.23,0.25,0.37,0.27,0.27,0.34,0.43
534,2,0,1,2,0,2,0.41,0.34,0.39,0.36,0.43,0.42,0.45,0.39,0.51,0.38,0.42,0.35,0.38,0.4,0.41,0.4,0.39,0.47
535,2,0,1,2,1,0,0.41,0.3,0.39,0.36,0.4,0.42,0.45,0.39,0.47,0.38,0.38,0.31,0.33,0.37,0.36,0.36,0.39,0.43
536,2,0,1,2,1,1,0.46,0.3,0.43,0.41,0.43,0.47,0.5,0.43,0.51,0.42,0.38,0.31,0.33,0.4,0.36,0.36,0.43,0.47
537,2,0,1,2,1,2,0.5,0.42,0.48,0.45,0.47,0.52,0.55,0.48,0.54,0.46,0.52,0.43,0.46,0.43,0.5,0.49,0.47,0.51
538,2,0,1,2,2,0,0.46,0.34,0.43,0.41,0.43,0.47,0.5,0.43,0.51,0.42,0.42,0.35,0.38,0.4,0.41,0.4,0.43,0.47
539,2,0,1,2,2,1,0.5,0.34,0.48,0.45,0.47,0.52,0.55,0.48,0.54,0.46,0.42,0.35,0.38,0.43,0.41,0.4,0.47,0.51
540,2,0,1,2,2,2,0.55,0.45,0.52,0.49,0.5,0.57,0.6,0.52,0.58,0.5,0.57,0.47,0.5,0.46,0.55,0.53,0.51,0.54
541,2,0,2,0,0,0,0.32,0.26,0.3,0.28,0.33,0.33,0.35,0.3,0.39,0.29,0.33,0.27,0.29,0.31,0.32,0.31,0.3,0.36
542,2,0,2,0,0,1,0.36,0.26,0.35,0.32,0.37,0.38,0.4,0.35,0.43,0.33,0.33,0.27,0.29,0.34,0.32,0.31,0.34,0.4
543,2,0,2,0,0,2,0.41,0.38,0.39,0.36,0.4,0.42,0.45,0.39,0.47,0.38,0.47,0.39,0.42,0.37,0.46,0.44,0.39,0.43
544,2,0,2,0,1,0,0.41,0.34,0.39,0.36,0.37,0.42,0.45,0.39,0.43,0.38,0.42,0.35,0.38,0.34,0.41,0.4,0.39,0.4
545,2,0,2,0,1,1,0.46,0.34,0.43,0.41,0.4,0.47,0.5,0.43,0.47,0.42,0.42,0.35,0.38,0.37,0.41,0.4,0.43,0.43
546,2,0,2,0,1,2,0.5,0.45,0.48,0.45,0.43,0.52,0.55,0.48,0.51,0.46,0.57,0.47,0.5,0.4,0.55,0.53,0.47,0.47
547,2,0,2,0,2,0,0.46,0.38,0.43,0.41,0.4,0.47,0.5,0.43,0.47,0.42,0.47,0.39,0.42,0.37,0.46,0.44,0.43,0.43
548,2,0,2,0,2,1,0.5,0.38,0.48,0.45,0.43,0.52,0.55,0.48,0.51,0.46,0.47,0.39,0.42,0.4,0.46,0.44,0.47,0.47
549,2,0,2,0,2,2,0.55,0.49,0.52,0.49,0.47,0.57,0.6,0.52,0.54,0.5,0.61,0.51,0.54,0.43,0.59,0.58,0.51,0.51
550,2,0,2,1,0,0,0.32,0.3,0.3,0.28,0.37,0.33,0.35,0.39,0.43,0.38,0.38,0.31,0.33,0.34,0.36,0.36,0.3,0.4
551,2,0,2,1,0,1,0.36,0.3,0.35,0.32,0.4,0.38,0.4,0.43,0.47,0.42,0.38,0.31,0.33,0.37,0.36,0.36,0.34,0.43
552,2,0,2,1,0,2,0.41,0.42,0.39,0.36,0.43,0.42,0.45,0.48,0.51,0.46,0.52,0.43,0.46,0.4,0.5,0.49,0.39,0.47
553,2,0,2,1,1,0,0.41,0.38,0.39,0.36,0.4,0.42,0.45,0.48,0.47,0.46,0.47,0.39,0.42,0.37,0.46,0.44,0.39,0.43
554,2,0,2,1,1,1,0.46,0.38,0.43,0.41,0.43,0.47,0.5,0.52,0.51,0.5,0.47,0.39,0.42,0.4,0.46,0.44,0.43,0.47
555,2,0,2,1,1,2,0.5,0.49,0.48,0.45,0.47,0.52,0.55,0.56,0.54,0.54,0.61,0.51,0.54,0.43,0.59,0.58,0.47,0.51
556,2,0,2,1,2,0,0.46,0.42,0.43,0.41,0.43,0.47,0.5,0.52,0.51,0.5,0.52,0.43,0.46,0.4,0.5,0.49,0.43,0.47
557,2,0,2,1,2,1,0.5,0.42,0.48,0.45,0.47,0.52,0.55,0.56,0.54,0.54,0.52,0.43,0.46,0.43,0.5,0.49,0.47,0.51
558,2,0,2,1,2,2,0.55,0.53,0.52,0.49,0.5,0.57,0.6,0.61,0.58,0.58,0.66,0.54,0.58,0.46,0.64,0.62,0.51,0.54
559,2,0,2,2,0,0,0.46,0.34,0.43,0.41,0.4,0.47,0.5,0.43,0.47,0.42,0.42,0.35,0.38,0.37,0.41,0.4,0.43,0.43
560,2,0,2,2,0,1,0.5,0.34,0.48,0.45,0.43,0.52,0.55,0.48,0.51,0.46,0.42,0.35,0.38,0.4,0.41,0.4,0.47,0.47
561,2,0,2,2,0,2,0.55,0.45,0.52,0.49,0.47,0.57,0.6,0.52,0.54,0.5,0.57,0.47,0.5,0.43,0.55,0.53,0.51,0.51
562,2,0,2,2,1,0,0.55,0.42,0.52,0.49,0.43,0.57,0.6,0.52,0.51,0.5,0.52,0.43,0.46,0.4,0.5,0.49,0.51,0.47
563,2,0,2,2,1,1,0.59,0.42,0.56,0.53,0.47,0.61,0.65,0.56,0.54,0.54,0.52,0.43,0.46,0.43,0.5,0.49,0.56,0.51
564,2,0,2,2,1,2,0.64,0.53,0.61,0.57,0.5,0.66,0.7,0.61,0.58,0.58,0.66,0.54,0.58,0.46,0.64,0.62,0.6,0.54
565,2,0,2,2,2,0,0.59,0.45,0.56,0.53,0.47,0.61,0.65,0.56,0.54,0.54,0.57,0.47,0.5,0.43,0.55,0.53,0.56,0.51
566,2,0,2,2,2,1,0.64,0.45,0.61,0.57,0.5,0.66,0.7,0.61,0.58,0.58,0.57,0.47,0.5,0.46,0.55,0.53,0.6,0.54
567,2,0,2,2,2,2,0.68,0.57,0.65,0.61,0.53,0.71,0.75,0.65,0.62,0.63,0.71,0.58,0.63,0.49,0.68,0.67,0.64,0.58
568,2,1,0,0,0,0,0.27,0.23,0.26,0.24,0.3,0.28,0.3,0.26,0.35,0.25,0.28,0.23,0.25,0.28,0.27,0.27,0.26,0.33
569,2,1,0,0,0,1,0.32,0.23,0.3,0.28,0.33,0.33,0.35,0.3,0.39,0.29,0.28,0.23,0.25,0.31,0.27,0.27,0.3,0.36
570,2,1,0,0,0,2,0.36,0.34,0.35,0.32,0.37,0.38,0.4,0.35,0.43,0.33,0.42,0.35,0.38,0.34,0.41,0.4,0.34,0.4
571,2,1,0,0,1,0,0.36,0.3,0.35,0.32,0.33,0.38,0.4,0.35,0.39,0.33,0.38,0.31,0.33,0.31,0.36,0.36,0.34,0.36
572,2,1,0,0,1,1,0.41,0.3,0.39,0.36,0.37,0.42,0.45,0.39,0.43,0.38,0.38,0.31,0.33,0.34,0.36,0.36,0.39,0.4
573,2,1,0,0,1,2,0.46,0.42,0.43,0.41,0.4,0.47,0.5,0.43,0.47,0.42,0.52,0.43,0.46,0.37,0.5,0.49,0.43,0.43
574,2,1,0,0,2,0,0.41,0.34,0.39,0.36,0.37,0.42,0.45,0.39,0.43,0.38,0.42,0.35,0.38,0.34,0.41,0.4,0.39,0.4
575,2,1,0,0,2,1,0.46,0.34,0.43,0.41,0.4,0.47,0.5,0.43,0.47,0.42,0.42,0.35,0.38,0.37,0.41,0.4,0.43,0.43
576,2,1,0,0,2,2,0.5,0.45,0.48,0.45,0.43,0.52,0.55,0.48,0.51,0.46,0.57,0.47,0.5,0.4,0.55,0.53,0.47,0.47
577,2,1,0,1,0,0,0.27,0.26,0.26,0.24,0.33,0.28,0.3,0.35,0.39,0.33,0.33,0.27,0.29,0.31,0.32,0.31,0.26,0.36
578,2,1,0,1,0,1,0.32,0.26,0.3,0.28,0.37,0.33,0.35,0.39,0.43,0.38,0.33,0.27,0.29,0.34,0.32,0.31,0.3,0.4
579,2,1,0,1,0,2,0.36,0.38,0.35,0.32,0.4,0.38,0.4,0.43,0.47,0.42,0.47,0.39,0.42,0.37,0.46,0.44,0.34,0.43
580,2,1,0,1,1,0,0.36,0.34,0.35,0.32,0.37,0.38,0.4,0.43,0.43,0.42,0.42,0.35,0.38,0.34,0.41,0.4,0.34,0.4
581,2,1,0,1,1,1,0.41,0.34,0.39,0.36,0.4,0.42,0.45,0.48,0.47,0.46,0.42,0.35,0.38,0.37,0.41,0.4,0.39,0.43
582,2,1,0,1,1,2,0.46,0.45,0.43,0.41,0.43,0.47,0.5,0.52,0.51,0.5,0.57,0.47,0.5,0.4,0.55,0.53,0.43,0.47
583,2,1,0,1,2,0,0.41,0.38,0.39,0.36,0.4,0.42,0.45,0.48,0.47,0.46,0.47,0.39,0.42,0.37,0.46,0.44,0.39,0.43
584,2,1,0,1,2,1,0.46,0.38,0.43,0.41,0.43,0.47,0.5,0.52,0.51,0.5,0.47,0.39,0.42,0.4,0.46,0.44,0.43,0.47
585,2,1,0,1,2,2,0.5,0.49,0.48,0.45,0.47,0.52,0.55,0.56,0.54,0.54,0.61,0.51,0.54,0.43,0.59,0.58,0.47,0.51
586,2,1,0,2,0,0,0.41,0.3,0.39,0.36,0.37,0.42,0.45,0.39,0.43,0.38,0.38,0.31,0.33,0.34,0.36,0.36,0.39,0.4
587,2,1,0,2,0,1,0.46,0.3,0.43,0.41,0.4,0.47,0.5,0.43,0.47,0.42,0.38,0.31,0.33,0.37,0.36,0.36,0.43,0.43
588,2,1,0,2,0,2,0.5,0.42,0.48,0.45,0.43,0.52,0.55,0.48,0.51,0.46,0.52,0.43,0.46,0.4,0.5,0.49,0.47,0.47
589,2,1,0,2,1,0,0.5,0.38,0.48,0.45,0.4,0.52,0.55,0.48,0.47,0.46,0.47,0.39,0.42,0.37,0.46,0.44,0.47,0.43
590,2,1,0,2,1,1,0.55,0.38,0.52,0.49,0.43,0.57,0.6,0.52,0.51,0.5,0.47,0.39,0.42,0.4,0.46,0.44,0.51,0.47
591,2,1,0,2,1,2,0.59,0.49,0.56,0.53,0.47,0.61,0.65,0.56,0.54,0.54,0.61,0.51,0.54,0.43,0.59,0.58,0.56,0.51
592,2,1,0,2,2,0,0.55,0.42,0.52,0.49,0.43,0.57,0.6,0.52,0.51,0.5,0.52,0.43,0.46,0.4,0.5,0.49,0.51,0.47
593,2,1,0,2,2,1,0.59,0.42,0.56,0.53,0.47,0.61,0.65,0.56,0.54,0.54,0.52,0.43,0.46,0.43,0.5,0.49,0.56,0.51
594,2,1,0,2,2,2,0.64,0.53,0.61,0.57,0.5,0.66,0.7,0.61,0.58,0.58,0.66,0.54,0.58,0.46,0.64,0.62,0.6,0.54
595,2,1,1,0,0,0,0.27,0.23,0.26,0.24,0.33,0.28,0.3,0.26,0.39,0.25,0.28,0.23,0.25,0.31,0.27,0.27,0.26,0.36
596,2,1,1,0,0,1,0.32,0.23,0.3,0.28,0.37,0.33,0.35,0.3,0.43,0.29,0.28,0.23,0.25,0.34,0.27,0.27,0.3,0.4
597,2,1,1,0,0,2,0.36,0.34,0.35,0.32,0.4,0.38,0.4,0.35,0.47,0.33,0.42,0.35,0.38,0.37,0.41,0.4,0.34,0.43
598,2,1,1,0,1,0,0.36,0.3,0.35,0.32,0.37,0.38,0.4,0.35,0.43,0.33,0.38,0.31,0.33,0.34,0.36,0.36,0.34,0.4
599,2,1,1,0,1,1,0.41,0.3,0.39,0.36,0.4,0.42,0.45,0.39,0.47,0.38,0.38,0.31,0.33,0.37,0.36,0.36,0.39,0.43
600,2,1,1,0,1,2,0.46,0.42,0.43,0.41,0.43,0.47,0.5,0.43,0.51,0.42,0.52,0.43,0.46,0.4,0.5,0.49,0.43,0.47
601,2,1,1,0,2,0,0.41,0.34,0.39,0.36,0.4,0.42,0.45,0.39,0.47,0.38,0.42,0.35,0.38,0.37,0.41,0.4,0.39,0.43
602,2,1,1,0,2,1,0.46,0.34,0.43,0.41,0.43,0.47,0.5,0.43,0.51,0.42,0.42,0.35,0.38,0.4,0.41,0.4,0.43,0.47
603,2,1,1,0,2,2,0.5,0.45,0.48,0.45,0.47,0.52,0.55,0.48,0.54,0.46,0.57,0.47,0.5,0.43,0.55,0.53,0.47,0.51
604,2,1,1,1,0,0,0.27,0.26,0.26,0.24,0.37,0.28,0.3,0.35,0.43,0.33,0.33,0.27,0.29,0.34,0.32,0.31,0.26,0.4
605,2,1,1,1,0,1,0.32,0.26,0.3,0.28,0.4,0.33,0.35,0.39,0.47,0.38,0.33,0.27,0.29,0.37,0.32,0.31,0.3,0.43
606,2,1,1,1,0,2,0.36,0.38,0.35,0.32,0.43,0.38,0.4,0.43,0.51,0.42,0.47,0.39,0.42,0.4,0.46,0.44,0.34,0.47
607,2,1,1,1,1,0,0.36,0.34,0.35,0.32,0.4,0.38,0.4,0.43,0.47,0.42,0.42,0.35,0.38,0.37,0.41,0.4,0.34,0.43
608,2,1,1,1,1,1,0.41,0.34,0.39,0.36,0.43,0.42,0.45,0.48,0.51,0.46,0.42,0.35,0.38,0.4,0.41,0.4,0.39,0.47
609,2,1,1,1,1,2,0.46,0.45,0.43,0.41,0.47,0.47,0.5,0.52,0.54,0.5,0.57,0.47,0.5,0.43,0.55,0.53,0.43,0.51
610,2,1,1,1,2,0,0.41,0.38,0.39,0.36,0.43,0.42,0.45,0.48,0.51,0.46,0.47,0.39,0.42,0.4,0.46,0.44,0.39,0.47
611,2,1,1,1,2,1,0.46,0.38,0.43,0.41,0.47,0.47,0.5,0.52,0.54,0.5,0.47,0.39,0.42,0.43,0.46,0.44,0.43,0.51
612,2,1,1,1,2,2,0.5,0.49,0.48,0.45,0.5,0.52,0.55,0.56,0.58,0.54,0.61,0.51,0.54,0.46,0.59,0.58,0.47,0.54
613,2,1,1,2,0,0,0.41,0.3,0.39,0.36,0.4,0.42,0.45,0.39,0.47,0.38,0.38,0.31,0.33,0.37,0.36,0.36,0.39,0.43
614,2,1,1,2,0,1,0.46,0.3,0.43,0.41,0.43,0.47,0.5,0.43,0.51,0.42,0.38,0.31,0.33,0.4,0.36,0.36,0.43,0.47
615,2,1,1,2,0,2,0.5,0.42,0.48,0.45,0.47,0.52,0.55,0.48,0.54,0.46,0.52,0.43,0.46,0.43,0.5,0.49,0.47,0.51
616,2,1,1,2,1,0,0.5,0.38,0.48,0.45,0.43,0.52,0.55,0.48,0.51,0.46,0.47,0.39,0.42,0.4,0.46,0.44,0.47,0.47
617,2,1,1,2,1,1,0.55,0.38,0.52,0.49,0.47,0.57,0.6,0.52,0.54,0.5,0.47,0.39,0.42,0.43,0.46,0.44,0.51,0.51
618,2,1,1,2,1,2,0.59,0.49,0.56,0.53,0.5,0.61,0.65,0.56,0.58,0.54,0.61,0.51,0.54,0.46,0.59,0.58,0.56,0.54
619,2,1,1,2,2,0,0.55,0.42,0.52,0.49,0.47,0.57,0.6,0.52,0.54,0.5,0.52,0.43,0.46,0.43,0.5,0.49,0.51,0.51
620,2,1,1,2,2,1,0.59,0.42,0.56,0.53,0.5,0.61,0.65,0.56,0.58,0.54,0.52,0.43,0.46,0.46,0.5,0.49,0.56,0.54
621,2,1,1,2,2,2,0.64,0.53,0.61,0.57,0.53,0.66,0.7,0.61,0.62,0.58,0.66,0.54,0.58,0.49,0.64,0.62,0.6,0.58
622,2,1,2,0,0,0,0.41,0.34,0.39,0.36,0.37,0.42,0.45,0.39,0.43,0.38,0.42,0.35,0.38,0.34,0.41,0.4,0.39,0.4
623,2,1,2,0,0,1,0.46,0.34,0.43,0.41,0.4,0.47,0.5,0.43,0.47,0.42,0.42,0.35,0.38,0.37,0.41,0.4,0.43,0.43
624,2,1,2,0,0,2,0.5,0.45,0.48,0.45,0.43,0.52,0.55,0.48,0.51,0.46,0.57,0.47,0.5,0.4,0.55,0.53,0.47,0.47
625,2,1,2,0,1,0,0.5,0.42,0.48,0.45,0.4,0.52,0.55,0.48,0.47,0.46,0.52,0.43,0.46,0.37,0.5,0.49,0.47,0.43
626,2,1,2,0,1,1,0.55,0.42,0.52,0.49,0.43,0.57,0.6,0.52,0.51,0.5,0.52,0.43,0.46,0.4,0.5,0.49,0.51,0.47
627,2,1,2,0,1,2,0.59,0.53,0.56,0.53,0.47,0.61,0.65,0.56,0.54,0.54,0.66,0.54,0.58,0.43,0.64,0.62,0.56,0.51
628,2,1,2,0,2,0,0.55,0.45,0.52,0.49,0.43,0.57,0.6,0.52,0.51,0.5,0.57,0.47,0.5,0.4,0.55,0.53,0.51,0.47
629,2,1,2,0,2,1,0.59,0.45,0.56,0.53,0.47,0.61,0.65,0.56,0.54,0.54,0.57,0.47,0.5,0.43,0.55,0.53,0.56,0.51
630,2,1,2,0,2,2,0.64,0.57,0.61,0.57,0.5,0.66,0.7,0.61,0.58,0.58,0.71,0.58,0.63,0.46,0.68,0.67,0.6,0.54
631,2,1,2,1,0,0,0.41,0.38,0.39,0.36,0.4,0.42,0.45,0.48,0.47,0.46,0.47,0.39,0.42,0.37,0.46,0.44,0.39,0.43
632,2,1,2,1,0,1,0.46,0.38,0.43,0.41,0.43,0.47,0.5,0.52,0.51,0.5,0.47,0.39,0.42,0.4,0.46,0.44,0.43,0.47
633,2,1,2,1,0,2,0.5,0.49,0.48,0.45,0.47,0.52,0.55,0.56,0.54,0.54,0.61,0.51,0.54,0.43,0.59,0.58,0.47,0.51
634,2,1,2,1,1,0,0.5,0.45,0.48,0.45,0.43,0.52,0.55,0.56,0.51,0.54,0.57,0.47,0.5,0.4,0.55,0.53,0.47,0.47
635,2,1,2,1,1,1,0.55,0.45,0.52,0.49,0.47,0.57,0.6,0.61,0.54,0.58,0.57,0.47,0.5,0.43,0.55,0.53,0.51,0.51
636,2,1,2,1,1,2,0.59,0.57,0.56,0.53,0.5,0.61,0.65,0.65,0.58,0.63,0.71,0.58,0.63,0.46,0.68,0.67,0.56,0.54
637,2,1,2,1,2,0,0.55,0.49,0.52,0.49,0.47,0.57,0.6,0.61,0.54,0.58,0.61,0.51,0.54,0.43,0.59,0.58,0.51,0.51
638,2,1,2,1,2,1,0.59,0.49,0.56,0.53,0.5,0.61,0.65,0.65,0.58,0.63,0.61,0.51,0.54,0.46,0.59,0.58,0.56,0.54
639,2,1,2,1,2,2,0.64,0.6,0.61,0.57,0.53,0.66,0.7,0.69,0.62,0.67,0.76,0.62,0.67,0.49,0.73,0.71,0.6,0.58
640,2,1,2,2,0,0,0.55,0.42,0.52,0.49,0.43,0.57,0.6,0.52,0.51,0.5,0.52,0.43,0.46,0.4,0.5,0.49,0.51,0.47
641,2,1,2,2,0,1,0.59,0.42,0.56,0.53,0.47,0.61,0.65,0.56,0.54,0.54,0.52,0.43,0.46,0.43,0.5,0.49,0.56,0.51
642,2,1,2,2,0,2,0.64,0.53,0.61,0.57,0.5,0.66,0.7,0.61,0.58,0.58,0.66,0.54,0.58,0.46,0.64,0.62,0.6,0.54
643,2,1,2,2,1,0,0.64,0.49,0.61,0.57,0.47,0.66,0.7,0.61,0.54,0.58,0.61,0.51,0.54,0.43,0.59,0.58,0.6,0.51
644,2,1,2,2,1,1,0.68,0.49,0.65,0.61,0.5,0.71,0.75,0.65,0.58,0.62,0.61,0.51,0.54,0.46,0.59,0.58,0.64,0.54
645,2,1,2,2,1,2,0.73,0.6,0.69,0.65,0.53,0.76,0.8,0.69,0.62,0.67,0.76,0.62,0.67,0.49,0.73,0.71,0.68,0.58
646,2,1,2,2,2,0,0.68,0.53,0.65,0.61,0.5,0.71,0.75,0.65,0.58,0.63,0.66,0.54,0.58,0.46,0.64,0.62,0.64,0.54
647,2,1,2,2,2,1,0.73,0.53,0.69,0.65,0.53,0.76,0.8,0.69,0.62,0.67,0.66,0.54,0.58,0.49,0.64,0.62,0.68,0.58
648,2,1,2,2,2,2,0.77,0.64,0.74,0.69,0.57,0.8,0.85,0.74,0.66,0.71,0.8,0.66,0.71,0.52,0.77,0.76,0.73,0.61
649,2,2,0,0,0,0,0.32,0.26,0.3,0.28,0.33,0.33,0.35,0.3,0.39,0.29,0.33,0.27,0.29,0.31,0.32,0.31,0.3,0.36
650,2,2,0,0,0,1,0.36,0.26,0.35,0.32,0.37,0.38,0.4,0.35,0.43,0.33,0.33,0.27,0.29,0.34,0.32,0.31,0.34,0.4
651,2,2,0,0,0,2,0.41,0.38,0.39,0.36,0.4,0.42,0.45,0.39,0.47,0.38,0.47,0.39,0.42,0.37,0.46,0.44,0.39,0.43
652,2,2,0,0,1,0,0.41,0.34,0.39,0.36,0.37,0.42,0.45,0.39,0.43,0.38,0.42,0.35,0.38,0.34,0.41,0.4,0.39,0.4
653,2,2,0,0,1,1,0.46,0.34,0.43,0.41,0.4,0.47,0.5,0.43,0.47,0.42,0.42,0.35,0.38,0.37,0.41,0.4,0.43,0.43
654,2,2,0,0,1,2,0.5,0.45,0.48,0.45,0.43,0.52,0.55,0.48,0.51,0.46,0.57,0.47,0.5,0.4,0.55,0.53,0.47,0.47
655,2,2,0,0,2,0,0.46,0.38,0.43,0.41,0.4,0.47,0.5,0.43,0.47,0.42,0.47,0.39,0.42,0.37,0.46,0.44,0.43,0.43
656,2,2,0,0,2,1,0.5,0.38,0.48,0.45,0.43,0.52,0.55,0.48,0.51,0.46,0.47,0.39,0.42,0.4,0.46,0.44,0.47,0.47
657,2,2,0,0,2,2,0.55,0.49,0.52,0.49,0.47,0.57,0.6,0.52,0.54,0.5,0.61,0.51,0.54,0.43,0.59,0.58,0.51,0.51
658,2,2,0,1,0,0,0.32,0.3,0.3,0.28,0.37,0.33,0.35,0.39,0.43,0.38,0.38,0.31,0.33,0.34,0.36,0.36,0.3,0.4
659,2,2,0,1,0,1,0.36,0.3,0.35,0.32,0.4,0.38,0.4,0.43,0.47,0.42,0.38,0.31,0.33,0.37,0.36,0.36,0.34,0.43
660,2,2,0,1,0,2,0.41,0.42,0.39,0.36,0.43,0.42,0.45,0.48,0.51,0.46,0.52,0.43,0.46,0.4,0.5,0.49,0.39,0.47
661,2,2,0,1,1,0,0.41,0.38,0.39,0.36,0.4,0.42,0.45,0.48,0.47,0.46,0.47,0.39,0.42,0.37,0.46,0.44,0.39,0.43
662,2,2,0,1,1,1,0.46,0.38,0.43,0.41,0.43,0.47,0.5,0.52,0.51,0.5,0.47,0.39,0.42,0.4,0.46,0.44,0.43,0.47
663,2,2,0,1,1,2,0.5,0.49,0.48,0.45,0.47,0.52,0.55,0.56,0.54,0.54,0.61,0.51,0.54,0.43,0.59,0.58,0.47,0.51
664,2,2,0,1,2,0,0.46,0.42,0.43,0.41,0.43,0.47,0.5,0.52,0.51,0.5,0.52,0.43,0.46,0.4,0.5,0.49,0.43,0.47
665,2,2,0,1,2,1,0.5,0.42,0.48,0.45,0.47,0.52,0.55,0.56,0.54,0.54,0.52,0.43,0.46,0.43,0.5,0.49,0.47,0.51
666,2,2,0,1,2,2,0.55,0.53,0.52,0.49,0.5,0.57,0.6,0.61,0.58,0.58,0.66,0.54,0.58,0.46,0.64,0.62,0.51,0.54
667,2,2,0,2,0,0,0.46,0.34,0.43,0.41,0.4,0.47,0.5,0.43,0.47,0.42,0.42,0.35,0.38,0.37,0.41,0.4,0.43,0.43
668,2,2,0,2,0,1,0.5,0.34,0.48,0.45,0.43,0.52,0.55,0.48,0.51,0.46,0.42,0.35,0.38,0.4,0.41,0.4,0.47,0.47
669,2,2,0,2,0,2,0.55,0.45,0.52,0.49,0.47,0.57,0.6,0.52,0.54,0.5,0.57,0.47,0.5,0.43,0.55,0.53,0.51,0.51
670,2,2,0,2,1,0,0.55,0.42,0.52,0.49,0.43,0.57,0.6,0.52,0.51,0.5,0.52,0.43,0.46,0.4,0.5,0.49,0.51,0.47
671,2,2,0,2,1,1,0.59,0.42,0.56,0.53,0.47,0.61,0.65,0.56,0.54,0.54,0.52,0.43,0.46,0.43,0.5,0.49,0.56,0.51
672,2,2,0,2,1,2,0.64,0.53,0.61,0.57,0.5,0.66,0.7,0.61,0.58,0.58,0.66,0.54,0.58,0.46,0.64,0.62,0.6,0.54
673,2,2,0,2,2,0,0.59,0.45,0.56,0.53,0.47,0.61,0.65,0.56,0.54,0.54,0.57,0.47,0.5,0.43,0.55,0.53,0.56,0.51
674,2,2,0,2,2,1,0.64,0.45,0.61,0.57,0.5,0.66,0.7,0.61,0.58,0.58,0.57,0.47,0.5,0.46,0.55,0.53,0.6,0.54
675,2,2,0,2,2,2,0.68,0.57,0.65,0.61,0.53,0.71,0.75,0.65,0.62,0.63,0.71,0.58,0.63,0.49,0.68,0.67,0.64,0.58
676,2,2,1,0,0,0,0.32,0.26,0.3,0.28,0.37,0.33,0.35,0.3,0.43,0.29,0.33,0.27,0.29,0.34,0.32,0.31,0.3,0.4
677,2,2,1,0,0,1,0.36,0.26,0.35,0.32,0.4,0.38,0.4,0.35,0.47,0.33,0.33,0.27,0.29,0.37,0.32,0.31,0.34,0.43
678,2,2,1,0,0,2,0.41,0.38,0.39,0.36,0.43,0.42,0.45,0.39,0.51,0.38,0.47,0.39,0.42,0.4,0.46,0.44,0.39,0.47
679,2,2,1,0,1,0,0.41,0.34,0.39,0.36,0.4,0.42,0.45,0.39,0.47,0.38,0.42,0.35,0.38,0.37,0.41,0.4,0.39,0.43
680,2,2,1,0,1,1,0.46,0.34,0.43,0.41,0.43,0.47,0.5,0.43,0.51,0.42,0.42,0.35,0.38,0.4,0.41,0.4,0.43,0.47
681,2,2,1,0,1,2,0.5,0.45,0.48,0.45,0.47,0.52,0.55,0.48,0.54,0.46,0.57,0.47,0.5,0.43,0.55,0.53,0.47,0.51
682,2,2,1,0,2,0,0.46,0.38,0.43,0.41,0.43,0.47,0.5,0.43,0.51,0.42,0.47,0.39,0.42,0.4,0.46,0.44,0.43,0.47
683,2,2,1,0,2,1,0.5,0.38,0.48,0.45,0.47,0.52,0.55,0.48,0.54,0.46,0.47,0.39,0.42,0.43,0.46,0.44,0.47,0.51
684,2,2,1,0,2,2,0.55,0.49,0.52,0.49,0.5,0.57,0.6,0.52,0.58,0.5,0.61,0.51,0.54,0.46,0.59,0.58,0.51,0.54
685,2,2,1,1,0,0,0.32,0.3,0.3,0.28,0.4,0.33,0.35,0.39,0.47,0.38,0.38,0.31,0.33,0.37,0.36,0.36,0.3,0.43
686,2,2,1,1,0,1,0.36,0.3,0.35,0.32,0.43,0.38,0.4,0.43,0.51,0.42,0.38,0.31,0.33,0.4,0.36,0.36,0.34,0.47
687,2,2,1,1,0,2,0.41,0.42,0.39,0.36,0.47,0.42,0.45,0.48,0.54,0.46,0.52,0.43,0.46,0.43,0.5,0.49,0.39,0.51
688,2,2,1,1,1,0,0.41,0.38,0.39,0.36,0.43,0.42,0.45,0.48,0.51,0.46,0.47,0.39,0.42,0.4,0.46,0.44,0.39,0.47
689,2,2,1,1,1,1,0.46,0.38,0.43,0.41,0.47,0.47,0.5,0.52,0.54,0.5,0.47,0.39,0.42,0.43,0.46,0.44,0.43,0.51
690,2,2,1,1,1,2,0.5,0.49,0.48,0.45,0.5,0.52,0.55,0.56,0.58,0.54,0.61,0.51,0.54,0.46,0.59,0.58,0.47,0.54
691,2,2,1,1,2,0,0.46,0.42,0.43,0.41,0.47,0.47,0.5,0.52,0.54,0.5,0.52,0.43,0.46,0.43,0.5,0.49,0.43,0.51
692,2,2,1,1,2,1,0.5,0.42,0.48,0.45,0.5,0.52,0.55,0.56,0.58,0.54,0.52,0.43,0.46,0.46,0.5,0.49,0.47,0.54
693,2,2,1,1,2,2,0.55,0.53,0.52,0.49,0.53,0.57,0.6,0.61,0.62,0.58,0.66,0.54,0.58,0.49,0.64,0.62,0.51,0.58
694,2,2,1,2,0,0,0.46,0.34,0.43,0.41,0.43,0.47,0.5,0.43,0.51,0.42,0.42,0.35,0.38,0.4,0.41,0.4,0.43,0.47
695,2,2,1,2,0,1,0.5,0.34,0.48,0.45,0.47,0.52,0.55,0.48,0.54,0.46,0.42,0.35,0.38,0.43,0.41,0.4,0.47,0.51
696,2,2,1,2,0,2,0.55,0.45,0.52,0.49,0.5,0.57,0.6,0.52,0.58,0.5,0.57,0.47,0.5,0.46,0.55,0.53,0.51,0.54
697,2,2,1,2,1,0,0.55,0.42,0.52,0.49,0.47,0.57,0.6,0.52,0.54,0.5,0.52,0.43,0.46,0.43,0.5,0.49,0.51,0.51
698,2,2,1,2,1,1,0.59,0.42,0.56,0.53,0.5,0.61,0.65,0.56,0.58,0.54,0.52,0.43,0.46,0.46,0.5,0.49,0.56,0.54
699,2,2,1,2,1,2,0.64,0.53,0.61,0.57,0.53,0.66,0.7,0.61,0.62,0.58,0.66,0.54,0.58,0.49,0.64,0.62,0.6,0.58
700,2,2,1,2,2,0,0.59,0.45,0.56,0.53,0.5,0.61,0.65,0.56,0.58,0.54,0.57,0.47,0.5,0.46,0.55,0.53,0.56,0.54
701,2,2,1,2,2,1,0.64,0.45,0.61,0.57,0.53,0.66,0.7,0.61,0.62,0.58,0.57,0.47,0.5,0.49,0.55,0.53,0.6,0.58
702,2,2,1,2,2,2,0.68,0.57,0.65,0.61,0.57,0.71,0.75,0.65,0.66,0.63,0.71,0.58,0.63,0.52,0.68,0.67,0.64,0.61
703,2,2,2,0,0,0,0.46,0.38,0.43,0.41,0.4,0.47,0.5,0.43,0.47,0.42,0.47,0.39,0.42,0.37,0.46,0.44,0.43,0.43
704,2,2,2,0,0,1,0.5,0.38,0.48,0.45,0.43,0.52,0.55,0.48,0.51,0.46,0.47,0.39,0.42,0.4,0.46,0.44,0.47,0.47
705,2,2,2,0,0,2,0.55,0.49,0.52,0.49,0.47,0.57,0.6,0.52,0.54,0.5,0.61,0.51,0.54,0.43,0.59,0.58,0.51,0.51
706,2,2,2,0,1,0,0.55,0.45,0.52,0.49,0.43,0.57,0.6,0.52,0.51,0.5,0.57,0.47,0.5,0.4,0.55,0.53,0.51,0.47
707,2,2,2,0,1,1,0.59,0.45,0.56,0.53,0.47,0.61,0.65,0.56,0.54,0.54,0.57,0.47,0.5,0.43,0.55,0.53,0.56,0.51
708,2,2,2,0,1,2,0.64,0.57,0.61,0.57,0.5,0.66,0.7,0.61,0.58,0.58,0.71,0.58,0.63,0.46,0.68,0.67,0.6,0.54
709,2,2,2,0,2,0,0.59,0.49,0.56,0.53,0.47,0.61,0.65,0.56,0.54,0.54,0.61,0.51,0.54,0.43,0.59,0.58,0.56,0.51
710,2,2,2,0,2,1,0.64,0.49,0.61,0.57,0.5,0.66,0.7,0.61,0.58,0.58,0.61,0.51,0.54,0.46,0.59,0.58,0.6,0.54
711,2,2,2,0,2,2,0.68,0.6,0.65,0.61,0.53,0.71,0.75,0.65,0.62,0.63,0.76,0.62,0.67,0.49,0.73,0.71,0.64,0.58
712,2,2,2,1,0,0,0.46,0.42,0.43,0.41,0.43,0.47,0.5,0.52,0.51,0.5,0.52,0.43,0.46,0.4,0.5,0.49,0.43,0.47
713,2,2,2,1,0,1,0.5,0.42,0.48,0.45,0.47,0.52,0.55,0.56,0.54,0.54,0.52,0.43,0.46,0.43,0.5,0.49,0.47,0.51
714,2,2,2,1,0,2,0.55,0.53,0.52,0.49,0.5,0.57,0.6,0.61,0.58,0.58,0.66,0.54,0.58,0.46,0.64,0.62,0.51,0.54
715,2,2,2,1,1,0,0.55,0.49,0.52,0.49,0.47,0.57,0.6,0.61,0.54,0.58,0.61,0.51,0.54,0.43,0.59,0.58,0.51,0.51
716,2,2,2,1,1,1,0.59,0.49,0.56,0.53,0.5,0.61,0.65,0.65,0.58,0.62,0.61,0.51,0.54,0.46,0.59,0.58,0.56,0.54
717,2,2,2,1,1,2,0.64,0.6,0.61,0.57,0.53,0.66,0.7,0.69,0.62,0.67,0.76,0.62,0.67,0.49,0.73,0.71,0.6,0.58
718,2,2,2,1,2,0,0.59,0.53,0.56,0.53,0.5,0.61,0.65,0.65,0.58,0.63,0.66,0.54,0.58,0.46,0.64,0.62,0.56,0.54
719,2,2,2,1,2,1,0.64,0.53,0.61,0.57,0.53,0.66,0.7,0.69,0.62,0.67,0.66,0.54,0.58,0.49,0.64,0.62,0.6,0.58
720,2,2,2,1,2,2,0.68,0.64,0.65,0.61,0.57,0.71,0.75,0.74,0.66,0.71,0.8,0.66,0.71,0.52,0.77,0.76,0.64,0.61
721,2,2,2,2,0,0,0.59,0.45,0.56,0.53,0.47,0.61,0.65,0.56,0.54,0.54,0.57,0.47,0.5,0.43,0.55,0.53,0.56,0.51
722,2,2,2,2,0,1,0.64,0.45,0.61,0.57,0.5,0.66,0.7,0.61,0.58,0.58,0.57,0.47,0.5,0.46,0.55,0.53,0.6,0.54
723,2,2,2,2,0,2,0.68,0.57,0.65,0.61,0.53,0.71,0.75,0.65,0.62,0.63,0.71,0.58,0.63,0.49,0.68,0.67,0.64,0.58
724,2,2,2,2,1,0,0.68,0.53,0.65,0.61,0.5,0.71,0.75,0.65,0.58,0.63,0.66,0.54,0.58,0.46,0.64,0.62,0.64,0.54
725,2,2,2,2,1,1,0.73,0.53,0.69,0.65,0.53,0.76,0.8,0.69,0.62,0.67,0.66,0.54,0.58,0.49,0.64,0.62,0.68,0.58
726,2,2,2,2,1,2,0.77,0.64,0.74,0.69,0.57,0.8,0.85,0.74,0.66,0.71,0.8,0.66,0.71,0.52,0.77,0.76,0.73,0.61
727,2,2,2,2,2,0,0.73,0.57,0.69,0.65,0.53,0.76,0.8,0.69,0.62,0.67,0.71,0.58,0.63,0.49,0.68,0.67,0.68,0.58
728,2,2,2,2,2,1,0.77,0.57,0.74,0.69,0.57,0.8,0.85,0.74,0.66,0.71,0.71,0.58,0.63,0.52,0.68,0.67,0.73,0.61
729,2,2,2,2,2,2,0.82,0.68,0.78,0.73,0.6,0.85,0.9,0.78,0.7,0.75,0.85,0.7,0.75,0.55,0.82,0.8,0.77,0.65